Aircraft,Assembly,Serial No,Log Page,Routing From,Routing To,Departure_ICAO,Arrival_ICAO,DepartureTime,TakeOffTime,TouchDownTime,ArrivalTime,Departure UTC,Take Off UTC,Touch Down UTC,Arrival UTC,Flight Time,CON. FLT. TIMES,BlockTime,CON. BLOCK TIMES,TOTAL A/C TIME,TOTAL CYCLES,CYLCES FLOWN,Flight Log Classification
VT-AGP,HAWKER 850XP,258835,0001,219,219,Not A,Not A,15-Dec-2025 11:10,15-Dec-2025 11:16,15-Dec-2025 12:50,15-Dec-2025 12:55,15-Dec-2025 05:40,15-Dec-2025 05:46,15-Dec-2025 07:20,15-Dec-2025 07:25,1:34,1.6,1:45,1.8,5528:45,4810,1,
VT-AGP,HAWKER 850XP,258835,0002,219,219,Not A,Not A,14-Jan-2026 14:15,14-Jan-2026 14:28,14-Jan-2026 15:23,14-Jan-2026 15:35,14-Jan-2026 08:45,14-Jan-2026 08:58,14-Jan-2026 09:53,14-Jan-2026 10:05,0:55,0.9,1:20,1.3,5529:40,4816,6,
VT-AGP,HAWKER 850XP,258835,0003,219,135,Not A,Not A,15-Jan-2026 08:00,15-Jan-2026 08:13,15-Jan-2026 09:03,15-Jan-2026 09:15,15-Jan-2026 02:30,15-Jan-2026 02:43,15-Jan-2026 03:33,15-Jan-2026 03:45,0:50,0.8,1:15,1.3,5530:30,4817,1,
VT-AGP,HAWKER 850XP,258835,0004,135,vohs,Not A,Not A,15-Jan-2026 15:00,15-Jan-2026 15:12,15-Jan-2026 16:04,15-Jan-2026 16:15,15-Jan-2026 09:30,15-Jan-2026 09:42,15-Jan-2026 10:34,15-Jan-2026 10:45,0:52,0.9,1:15,1.3,5531:22,4818,1,
VT-AGP,HAWKER 850XP,258835,0005,vohs,VEGT,Not A,Not A,16-Jan-2026 12:00,16-Jan-2026 12:09,16-Jan-2026 14:32,16-Jan-2026 14:40,16-Jan-2026 06:30,16-Jan-2026 06:39,16-Jan-2026 09:02,16-Jan-2026 09:10,2:23,2.4,2:40,2.7,5533:45,4819,1,
VT-AGP,HAWKER 850XP,258835,0006,VEGT,DELHI,Not A,,16-Jan-2026 18:14,16-Jan-2026 18:30,16-Jan-2026 22:23,16-Jan-2026 22:38,16-Jan-2026 12:44,16-Jan-2026 13:00,16-Jan-2026 16:53,16-Jan-2026 17:08,3:53,3.9,4:24,4.4,5537:38,4820,1,
VT-AGP,HAWKER 850XP,258835,0007,DELHI,DELHI,,,17-Jan-2026 18:00,17-Jan-2026 18:30,17-Jan-2026 18:30,17-Jan-2026 19:00,17-Jan-2026 12:30,17-Jan-2026 13:00,17-Jan-2026 13:00,17-Jan-2026 13:30,0:00,0.0,1:00,1.0,5537:38,4820,0,Flight Cancelled
VT-AGP,HAWKER 850XP,258835,0008,DELHI,VIAR,,Not A,18-Jan-2026 11:40,18-Jan-2026 11:59,18-Jan-2026 12:49,18-Jan-2026 13:07,18-Jan-2026 06:10,18-Jan-2026 06:29,18-Jan-2026 07:19,18-Jan-2026 07:37,0:50,0.8,1:27,1.5,5538:28,4821,1,
VT-AGP,HAWKER 850XP,258835,0009,VIAR,DELHI,Not A,,18-Jan-2026 19:17,18-Jan-2026 19:32,18-Jan-2026 20:20,18-Jan-2026 20:35,18-Jan-2026 13:47,18-Jan-2026 14:02,18-Jan-2026 14:50,18-Jan-2026 15:05,0:48,0.8,1:18,1.3,5539:16,4822,1,
VT-AGP,HAWKER 850XP,258835,0010,DELHI,VOBG,,Not A,18-Jan-2026 21:22,18-Jan-2026 21:34,19-Jan-2026 00:02,19-Jan-2026 00:13,18-Jan-2026 15:52,18-Jan-2026 16:04,18-Jan-2026 18:32,18-Jan-2026 18:43,2:28,2.5,2:51,2.9,5541:44,4823,1,
VT-AGP,HAWKER 850XP,258835,0011,VOBG,219,Not A,Not A,19-Jan-2026 15:09,19-Jan-2026 15:25,19-Jan-2026 16:26,19-Jan-2026 16:41,19-Jan-2026 09:39,19-Jan-2026 09:55,19-Jan-2026 10:56,19-Jan-2026 11:11,1:01,1.0,1:32,1.5,5542:45,4824,1,
VT-AGP,HAWKER 850XP,258835,0012,219,219,Not A,Not A,23-Jan-2026 13:00,23-Jan-2026 13:28,23-Jan-2026 14:12,23-Jan-2026 14:40,23-Jan-2026 07:30,23-Jan-2026 07:58,23-Jan-2026 08:42,23-Jan-2026 09:10,0:44,0.7,1:40,1.7,5543:29,4830,6,
VT-AGP,HAWKER 850XP,258835,0013,219,220,Not A,Not A,24-Jan-2026 14:05,24-Jan-2026 14:14,24-Jan-2026 14:52,24-Jan-2026 15:00,24-Jan-2026 08:35,24-Jan-2026 08:44,24-Jan-2026 09:22,24-Jan-2026 09:30,0:38,0.6,0:55,0.9,5544:07,4831,1,
VT-AGP,HAWKER 850XP,258835,0014,220,134,Not A,Not A,25-Jan-2026 13:00,25-Jan-2026 13:05,25-Jan-2026 13:21,25-Jan-2026 13:26,25-Jan-2026 07:30,25-Jan-2026 07:35,25-Jan-2026 07:51,25-Jan-2026 07:56,0:16,0.3,0:26,0.4,5544:23,4832,1,
VT-AGP,HAWKER 850XP,258835,0015,134,220,Not A,Not A,25-Jan-2026 14:50,25-Jan-2026 14:57,25-Jan-2026 15:23,25-Jan-2026 15:30,25-Jan-2026 09:20,25-Jan-2026 09:27,25-Jan-2026 09:53,25-Jan-2026 10:00,0:26,0.4,0:40,0.7,5544:49,4833,1,
VT-AGP,HAWKER 850XP,258835,0016,220,219,Not A,Not A,25-Jan-2026 20:30,25-Jan-2026 20:37,25-Jan-2026 21:16,25-Jan-2026 21:22,25-Jan-2026 15:00,25-Jan-2026 15:07,25-Jan-2026 15:46,25-Jan-2026 15:52,0:39,0.7,0:52,0.9,5545:28,4834,1,
VT-AGP,HAWKER 850XP,258835,0017,219,131,Not A,Not A,27-Jan-2026 09:55,27-Jan-2026 09:55,27-Jan-2026 11:40,27-Jan-2026 11:40,27-Jan-2026 04:25,27-Jan-2026 04:25,27-Jan-2026 06:10,27-Jan-2026 06:10,1:45,1.8,1:45,1.8,5547:13,4835,1,
VT-AGP,HAWKER 850XP,258835,0018,131,219,Not A,Not A,27-Jan-2026 16:30,27-Jan-2026 16:43,27-Jan-2026 17:42,27-Jan-2026 17:55,27-Jan-2026 11:00,27-Jan-2026 11:13,27-Jan-2026 12:12,27-Jan-2026 12:25,0:59,1.0,1:25,1.4,5548:12,4836,1,
VT-AGP,HAWKER 850XP,258835,0019,219,219,VOID,VOID,VOID,27-Jan-2026 17:55,27-Jan-2026 17:55,VOID,VOID,27-Jan-2026 12:25,27-Jan-2026 12:25,VOID,0:00,0.0,0:00,0.0,5548:12,4836,0,
VT-AGP,HAWKER 850XP,258835,0020,219,vohs,Not A,Not A,06-Feb-2026 09:55,06-Feb-2026 10:02,06-Feb-2026 10:24,06-Feb-2026 10:30,06-Feb-2026 04:25,06-Feb-2026 04:32,06-Feb-2026 04:54,06-Feb-2026 05:00,0:22,0.4,0:35,0.6,5548:34,4837,1,
VT-AGP,HAWKER 850XP,258835,0021,vohs,VOBL,Not A,Not A,06-Feb-2026 11:10,06-Feb-2026 11:18,06-Feb-2026 12:12,06-Feb-2026 12:20,06-Feb-2026 05:40,06-Feb-2026 05:48,06-Feb-2026 06:42,06-Feb-2026 06:50,0:54,0.9,1:10,1.2,5549:28,4838,1,
VT-AGP,HAWKER 850XP,258835,0022,VOBL,vohs,Not A,Not A,07-Feb-2026 14:00,07-Feb-2026 14:18,07-Feb-2026 15:07,07-Feb-2026 15:25,07-Feb-2026 08:30,07-Feb-2026 08:48,07-Feb-2026 09:37,07-Feb-2026 09:55,0:49,0.8,1:25,1.4,5550:17,4839,1,
VT-AGP,HAWKER 850XP,258835,0023,vohs,219,Not A,Not A,08-Feb-2026 12:15,08-Feb-2026 12:26,08-Feb-2026 12:40,08-Feb-2026 12:50,08-Feb-2026 06:45,08-Feb-2026 06:56,08-Feb-2026 07:10,08-Feb-2026 07:20,0:14,0.2,0:35,0.6,5550:31,4840,1,
VT-AGP,HAWKER 850XP,258835,0024,219,VAAH,Not A,Not A,09-Feb-2026 07:25,09-Feb-2026 07:38,09-Feb-2026 09:23,09-Feb-2026 09:35,09-Feb-2026 01:55,09-Feb-2026 02:08,09-Feb-2026 03:53,09-Feb-2026 04:05,1:45,1.8,2:10,2.2,5552:16,4841,1,
VT-AGP,HAWKER 850XP,258835,0025,VAAH,DELHI,Not A,,09-Feb-2026 13:50,09-Feb-2026 14:07,09-Feb-2026 15:34,09-Feb-2026 15:50,09-Feb-2026 08:20,09-Feb-2026 08:37,09-Feb-2026 10:04,09-Feb-2026 10:20,1:27,1.5,2:00,2.0,5553:43,4842,1,
VT-AGP,HAWKER 850XP,258835,0026,DELHI,219,,Not A,09-Feb-2026 16:05,09-Feb-2026 16:18,09-Feb-2026 18:18,09-Feb-2026 18:30,09-Feb-2026 10:35,09-Feb-2026 10:48,09-Feb-2026 12:48,09-Feb-2026 13:00,2:00,2.0,2:25,2.4,5555:43,4843,1,
VT-AGP,HAWKER 850XP,258835,0027,219,DELHI,Not A,,19-Feb-2026 13:39,19-Feb-2026 13:49,19-Feb-2026 15:49,19-Feb-2026 15:59,19-Feb-2026 08:09,19-Feb-2026 08:19,19-Feb-2026 10:19,19-Feb-2026 10:29,2:00,2.0,2:20,2.3,5557:43,4844,1,
VT-AGP,HAWKER 850XP,258835,0028,DELHI,219,,Not A,20-Feb-2026 17:50,20-Feb-2026 18:13,20-Feb-2026 20:03,20-Feb-2026 20:25,20-Feb-2026 12:20,20-Feb-2026 12:43,20-Feb-2026 14:33,20-Feb-2026 14:55,1:50,1.8,2:35,2.6,5559:33,4845,1,
VT-AGP,HAWKER 850XP,258835,0029,219,VOVZ,Not A,Not A,21-Feb-2026 17:25,21-Feb-2026 17:33,21-Feb-2026 18:27,21-Feb-2026 18:35,21-Feb-2026 11:55,21-Feb-2026 12:03,21-Feb-2026 12:57,21-Feb-2026 13:05,0:54,0.9,1:10,1.2,5560:27,4846,1,
VT-AGP,HAWKER 850XP,258835,0030,VOVZ,219,Not A,Not A,21-Feb-2026 18:55,21-Feb-2026 19:08,21-Feb-2026 20:08,21-Feb-2026 20:20,21-Feb-2026 13:25,21-Feb-2026 13:38,21-Feb-2026 14:38,21-Feb-2026 14:50,1:00,1.0,1:25,1.4,5561:27,4847,1,
VT-AGP,HAWKER 850XP,258835,0031,219,VOBG,Not A,Not A,22-Feb-2026 13:15,22-Feb-2026 13:25,22-Feb-2026 14:20,22-Feb-2026 14:30,22-Feb-2026 07:45,22-Feb-2026 07:55,22-Feb-2026 08:50,22-Feb-2026 09:00,0:55,0.9,1:15,1.3,5562:22,4848,1,
VT-AGP,HAWKER 850XP,258835,0032,VOBG,219,Not A,Not A,22-Feb-2026 22:05,22-Feb-2026 22:12,22-Feb-2026 23:04,22-Feb-2026 23:10,22-Feb-2026 16:35,22-Feb-2026 16:42,22-Feb-2026 17:34,22-Feb-2026 17:40,0:52,0.9,1:05,1.1,5563:14,4849,1,
VT-AGP,HAWKER 850XP,258835,0033,219,Swami,Not A,Not A,23-Feb-2026 14:25,23-Feb-2026 14:32,23-Feb-2026 15:29,23-Feb-2026 15:35,23-Feb-2026 08:55,23-Feb-2026 09:02,23-Feb-2026 09:59,23-Feb-2026 10:05,0:57,1.0,1:10,1.2,5564:11,4850,1,
VT-AGP,HAWKER 850XP,258835,0034,Swami,84,Not A,Not A,23-Feb-2026 16:35,23-Feb-2026 16:44,23-Feb-2026 19:02,23-Feb-2026 19:10,23-Feb-2026 11:05,23-Feb-2026 11:14,23-Feb-2026 13:32,23-Feb-2026 13:40,2:18,2.3,2:35,2.6,5566:29,4851,1,
VT-AGP,HAWKER 850XP,258835,0035,84,vohs,Not A,Not A,23-Feb-2026 19:30,23-Feb-2026 19:36,23-Feb-2026 20:55,23-Feb-2026 21:00,23-Feb-2026 14:00,23-Feb-2026 14:06,23-Feb-2026 15:25,23-Feb-2026 15:30,1:19,1.3,1:30,1.5,5567:48,4852,1,
VT-AGP,HAWKER 850XP,258835,0036,vohs,220,Not A,Not A,24-Feb-2026 11:10,24-Feb-2026 11:19,24-Feb-2026 11:51,24-Feb-2026 12:00,24-Feb-2026 05:40,24-Feb-2026 05:49,24-Feb-2026 06:21,24-Feb-2026 06:30,0:32,0.5,0:50,0.8,5568:20,4853,1,
VT-AGP,HAWKER 850XP,258835,0037,220,vohs,Not A,Not A,24-Feb-2026 12:15,24-Feb-2026 12:19,24-Feb-2026 13:01,24-Feb-2026 13:05,24-Feb-2026 06:45,24-Feb-2026 06:49,24-Feb-2026 07:31,24-Feb-2026 07:35,0:42,0.7,0:50,0.8,5569:02,4854,1,
VT-AGP,HAWKER 850XP,258835,0038,vohs,VOBG,Not A,Not A,24-Feb-2026 13:20,24-Feb-2026 13:32,24-Feb-2026 14:28,24-Feb-2026 14:40,24-Feb-2026 07:50,24-Feb-2026 08:02,24-Feb-2026 08:58,24-Feb-2026 09:10,0:56,0.9,1:20,1.3,5569:58,4855,1,
VT-AGP,HAWKER 850XP,258835,0039,VOBG,vohs,Not A,Not A,24-Feb-2026 17:25,24-Feb-2026 17:35,24-Feb-2026 18:26,24-Feb-2026 18:35,24-Feb-2026 11:55,24-Feb-2026 12:05,24-Feb-2026 12:56,24-Feb-2026 13:05,0:51,0.9,1:10,1.2,5570:49,4856,1,
VT-AGP,HAWKER 850XP,258835,0040,vohs,VOVZ,Not A,Not A,25-Feb-2026 14:55,25-Feb-2026 15:02,25-Feb-2026 16:04,25-Feb-2026 16:10,25-Feb-2026 09:25,25-Feb-2026 09:32,25-Feb-2026 10:34,25-Feb-2026 10:40,1:02,1.0,1:15,1.3,5571:51,4857,1,
VT-AGP,HAWKER 850XP,258835,0041,VOVZ,219,Not A,Not A,25-Feb-2026 16:25,25-Feb-2026 16:32,25-Feb-2026 17:34,25-Feb-2026 17:40,25-Feb-2026 10:55,25-Feb-2026 11:02,25-Feb-2026 12:04,25-Feb-2026 12:10,1:02,1.0,1:15,1.3,5572:53,4858,1,
VT-AGP,HAWKER 850XP,258835,0042,219,vohs,Not A,Not A,25-Feb-2026 18:05,25-Feb-2026 18:10,25-Feb-2026 18:20,25-Feb-2026 18:25,25-Feb-2026 12:35,25-Feb-2026 12:40,25-Feb-2026 12:50,25-Feb-2026 12:55,0:10,0.2,0:20,0.3,5573:03,4859,1,
VT-AGP,HAWKER 850XP,258835,0043,vohs,VOVZ,Not A,Not A,25-Feb-2026 18:50,25-Feb-2026 19:03,25-Feb-2026 20:03,25-Feb-2026 20:15,25-Feb-2026 13:20,25-Feb-2026 13:33,25-Feb-2026 14:33,25-Feb-2026 14:45,1:00,1.0,1:25,1.4,5574:03,4860,1,
VT-AGP,HAWKER 850XP,258835,0044,VOVZ,vohs,Not A,Not A,25-Feb-2026 22:30,25-Feb-2026 22:36,25-Feb-2026 23:34,25-Feb-2026 23:40,25-Feb-2026 17:00,25-Feb-2026 17:06,25-Feb-2026 18:04,25-Feb-2026 18:10,0:58,1.0,1:10,1.2,5575:01,4861,1,
VT-AGP,HAWKER 850XP,258835,0045,vohs,v.k,Not A,Not A,26-Feb-2026 12:35,26-Feb-2026 12:41,26-Feb-2026 13:16,26-Feb-2026 13:21,26-Feb-2026 07:05,26-Feb-2026 07:11,26-Feb-2026 07:46,26-Feb-2026 07:51,0:35,0.6,0:46,0.8,5575:36,4862,1,
VT-AGP,HAWKER 850XP,258835,0046,v.k,vohs,Not A,Not A,26-Feb-2026 16:35,26-Feb-2026 16:39,26-Feb-2026 17:06,26-Feb-2026 17:10,26-Feb-2026 11:05,26-Feb-2026 11:09,26-Feb-2026 11:36,26-Feb-2026 11:40,0:27,0.5,0:35,0.6,5576:03,4863,1,
VT-AGP,HAWKER 850XP,258835,0047,vohs,DELHI,Not A,,27-Feb-2026 15:10,27-Feb-2026 15:21,27-Feb-2026 17:23,27-Feb-2026 17:33,27-Feb-2026 09:40,27-Feb-2026 09:51,27-Feb-2026 11:53,27-Feb-2026 12:03,2:02,2.0,2:23,2.4,5578:05,4864,1,
VT-AGP,HAWKER 850XP,258835,0048,DELHI,vohs,,Not A,28-Feb-2026 11:57,28-Feb-2026 12:10,28-Feb-2026 14:02,28-Feb-2026 14:15,28-Feb-2026 06:27,28-Feb-2026 06:40,28-Feb-2026 08:32,28-Feb-2026 08:45,1:52,1.9,2:18,2.3,5579:57,4865,1,
VT-AGP,HAWKER 850XP,258835,0049,vohs,205,Not A,Not A,28-Feb-2026 15:34,28-Feb-2026 15:41,28-Feb-2026 16:28,28-Feb-2026 16:35,28-Feb-2026 10:04,28-Feb-2026 10:11,28-Feb-2026 10:58,28-Feb-2026 11:05,0:47,0.8,1:01,1.0,5580:44,4866,1,
VT-AGP,HAWKER 850XP,258835,0050,205,vohs,Not A,Not A,28-Feb-2026 16:50,28-Feb-2026 16:56,28-Feb-2026 17:50,28-Feb-2026 17:55,28-Feb-2026 11:20,28-Feb-2026 11:26,28-Feb-2026 12:20,28-Feb-2026 12:25,0:54,0.9,1:05,1.1,5581:38,4867,1,
VT-AGP,HAWKER 850XP,258835,0051,vohs,VAAH,Not A,Not A,01-Mar-2026 08:20,01-Mar-2026 08:34,01-Mar-2026 10:12,01-Mar-2026 10:25,01-Mar-2026 02:50,01-Mar-2026 03:04,01-Mar-2026 04:42,01-Mar-2026 04:55,1:38,1.6,2:05,2.1,5583:16,4868,1,
VT-AGP,HAWKER 850XP,258835,0052,VAAH,219,Not A,Not A,01-Mar-2026 11:10,01-Mar-2026 11:19,01-Mar-2026 12:57,01-Mar-2026 13:05,01-Mar-2026 05:40,01-Mar-2026 05:49,01-Mar-2026 07:27,01-Mar-2026 07:35,1:38,1.6,1:55,1.9,5584:54,4869,1,
VT-AGP,HAWKER 850XP,258835,0053,219,vohs,Not A,Not A,03-Mar-2026 07:35,03-Mar-2026 07:40,03-Mar-2026 07:55,03-Mar-2026 08:00,03-Mar-2026 02:05,03-Mar-2026 02:10,03-Mar-2026 02:25,03-Mar-2026 02:30,0:15,0.3,0:25,0.4,5585:09,4870,1,
VT-AGP,HAWKER 850XP,258835,0054,vohs,143,Not A,Not A,03-Mar-2026 09:10,03-Mar-2026 09:19,03-Mar-2026 10:12,03-Mar-2026 10:20,03-Mar-2026 03:40,03-Mar-2026 03:49,03-Mar-2026 04:42,03-Mar-2026 04:50,0:53,0.9,1:10,1.2,5586:02,4871,1,
VT-AGP,HAWKER 850XP,258835,0055,143,219,Not A,Not A,03-Mar-2026 10:55,03-Mar-2026 11:02,03-Mar-2026 11:59,03-Mar-2026 12:05,03-Mar-2026 05:25,03-Mar-2026 05:32,03-Mar-2026 06:29,03-Mar-2026 06:35,0:57,1.0,1:10,1.2,5586:59,4872,1,
VT-AGP,HAWKER 850XP,258835,0056,219,143,Not A,Not A,04-Mar-2026 10:45,04-Mar-2026 10:52,04-Mar-2026 11:53,04-Mar-2026 12:00,04-Mar-2026 05:15,04-Mar-2026 05:22,04-Mar-2026 06:23,04-Mar-2026 06:30,1:01,1.0,1:15,1.3,5588:00,4873,1,
VT-AGP,HAWKER 850XP,258835,0057,143,V.R.,Not A,Not A,04-Mar-2026 16:30,04-Mar-2026 16:39,04-Mar-2026 17:22,04-Mar-2026 17:30,04-Mar-2026 11:00,04-Mar-2026 11:09,04-Mar-2026 11:52,04-Mar-2026 12:00,0:43,0.7,1:00,1.0,5588:43,4874,1,
VT-AGP,HAWKER 850XP,258835,0058,V.R.,143,Not A,Not A,05-Mar-2026 12:10,05-Mar-2026 12:20,05-Mar-2026 13:00,05-Mar-2026 13:10,05-Mar-2026 06:40,05-Mar-2026 06:50,05-Mar-2026 07:30,05-Mar-2026 07:40,0:40,0.7,1:00,1.0,5589:23,4875,1,
VT-AGP,HAWKER 850XP,258835,0059,143,84,Not A,Not A,06-Mar-2026 10:25,06-Mar-2026 10:33,06-Mar-2026 11:12,06-Mar-2026 11:20,06-Mar-2026 04:55,06-Mar-2026 05:03,06-Mar-2026 05:42,06-Mar-2026 05:50,0:39,0.7,0:55,0.9,5590:02,4876,1,
VT-AGP,HAWKER 850XP,258835,0060,84,Swami,Not A,Not A,06-Mar-2026 12:28,06-Mar-2026 12:33,06-Mar-2026 14:46,06-Mar-2026 14:50,06-Mar-2026 06:58,06-Mar-2026 07:03,06-Mar-2026 09:16,06-Mar-2026 09:20,2:13,2.2,2:22,2.4,5592:15,4877,1,
VT-AGP,HAWKER 850XP,258835,0061,Swami,vohs,Not A,Not A,06-Mar-2026 15:10,06-Mar-2026 15:16,06-Mar-2026 16:27,06-Mar-2026 16:33,06-Mar-2026 09:40,06-Mar-2026 09:46,06-Mar-2026 10:57,06-Mar-2026 11:03,1:11,1.2,1:23,1.4,5593:26,4878,1,
VT-AGP,HAWKER 850XP,258835,0062,vohs,108,Not A,Not A,07-Mar-2026 09:15,07-Mar-2026 09:25,07-Mar-2026 10:11,07-Mar-2026 10:20,07-Mar-2026 03:45,07-Mar-2026 03:55,07-Mar-2026 04:41,07-Mar-2026 04:50,0:46,0.8,1:05,1.1,5594:12,4879,1,
VT-AGP,HAWKER 850XP,258835,0063,108,vohs,Not A,Not A,07-Mar-2026 13:32,07-Mar-2026 13:39,07-Mar-2026 14:24,07-Mar-2026 14:30,07-Mar-2026 08:02,07-Mar-2026 08:09,07-Mar-2026 08:54,07-Mar-2026 09:00,0:45,0.8,0:58,1.0,5594:57,4880,1,
VT-AGP,HAWKER 850XP,258835,0064,vohs,85,Not A,Not A,08-Mar-2026 07:55,08-Mar-2026 08:02,08-Mar-2026 08:55,08-Mar-2026 09:01,08-Mar-2026 02:25,08-Mar-2026 02:32,08-Mar-2026 03:25,08-Mar-2026 03:31,0:53,0.9,1:06,1.1,5595:50,4881,1,
VT-AGP,HAWKER 850XP,258835,0065,85,vohs,Not A,Not A,08-Mar-2026 13:54,08-Mar-2026 13:59,08-Mar-2026 14:54,08-Mar-2026 14:58,08-Mar-2026 08:24,08-Mar-2026 08:29,08-Mar-2026 09:24,08-Mar-2026 09:28,0:55,0.9,1:04,1.1,5596:45,4882,1,
VT-AGP,HAWKER 850XP,258835,0066,vohs,219,Not A,Not A,08-Mar-2026 15:11,08-Mar-2026 15:19,08-Mar-2026 15:34,08-Mar-2026 15:42,08-Mar-2026 09:41,08-Mar-2026 09:49,08-Mar-2026 10:04,08-Mar-2026 10:12,0:15,0.3,0:31,0.5,5597:00,4883,1,
VT-AGP,HAWKER 850XP,258835,0067,219,vohs,Not A,Not A,13-Mar-2026 09:15,13-Mar-2026 09:21,13-Mar-2026 09:40,13-Mar-2026 09:45,13-Mar-2026 03:45,13-Mar-2026 03:51,13-Mar-2026 04:10,13-Mar-2026 04:15,0:19,0.3,0:30,0.5,5597:19,4884,1,
VT-AGP,HAWKER 850XP,258835,0068,vohs,131,Not A,Not A,13-Mar-2026 10:10,13-Mar-2026 10:19,13-Mar-2026 11:34,13-Mar-2026 11:43,13-Mar-2026 04:40,13-Mar-2026 04:49,13-Mar-2026 06:04,13-Mar-2026 06:13,1:15,1.3,1:33,1.6,5598:34,4885,1,
VT-AGP,HAWKER 850XP,258835,0069,131,219,Not A,Not A,13-Mar-2026 12:25,13-Mar-2026 12:36,13-Mar-2026 13:37,13-Mar-2026 13:48,13-Mar-2026 06:55,13-Mar-2026 07:06,13-Mar-2026 08:07,13-Mar-2026 08:18,1:01,1.0,1:23,1.4,5599:35,4886,1,
VT-AGP,HAWKER 850XP,258835,0070,219,135,Not A,Not A,13-Mar-2026 17:21,13-Mar-2026 17:26,13-Mar-2026 18:20,13-Mar-2026 18:24,13-Mar-2026 11:51,13-Mar-2026 11:56,13-Mar-2026 12:50,13-Mar-2026 12:54,0:54,0.9,1:03,1.1,5600:29,4887,1,
VT-AGP,HAWKER 850XP,258835,0071,135,131,Not A,Not A,13-Mar-2026 19:09,13-Mar-2026 19:21,13-Mar-2026 19:53,13-Mar-2026 20:04,13-Mar-2026 13:39,13-Mar-2026 13:51,13-Mar-2026 14:23,13-Mar-2026 14:34,0:32,0.5,0:55,0.9,5601:01,4888,1,
VT-AGP,HAWKER 850XP,258835,0072,131,VAAH,Not A,Not A,14-Mar-2026 10:10,14-Mar-2026 10:23,14-Mar-2026 11:14,14-Mar-2026 11:27,14-Mar-2026 04:40,14-Mar-2026 04:53,14-Mar-2026 05:44,14-Mar-2026 05:57,0:51,0.9,1:17,1.3,5601:52,4889,1,
VT-AGP,HAWKER 850XP,258835,0073,VAAH,vohs,Not A,Not A,15-Mar-2026 09:52,15-Mar-2026 10:04,15-Mar-2026 11:42,15-Mar-2026 11:54,15-Mar-2026 04:22,15-Mar-2026 04:34,15-Mar-2026 06:12,15-Mar-2026 06:24,1:38,1.6,2:02,2.0,5603:30,4890,1,
VT-AGP,HAWKER 850XP,258835,0074,vohs,219,Not A,Not A,15-Mar-2026 13:06,15-Mar-2026 13:12,15-Mar-2026 13:22,15-Mar-2026 13:28,15-Mar-2026 07:36,15-Mar-2026 07:42,15-Mar-2026 07:52,15-Mar-2026 07:58,0:10,0.2,0:22,0.4,5603:40,4891,1,
VT-AGP,HAWKER 850XP,258835,0075,219,DELHI,Not A,,16-Mar-2026 09:47,16-Mar-2026 10:01,16-Mar-2026 12:06,16-Mar-2026 12:20,16-Mar-2026 04:17,16-Mar-2026 04:31,16-Mar-2026 06:36,16-Mar-2026 06:50,2:05,2.1,2:33,2.6,5605:45,4892,1,
VT-AGP,HAWKER 850XP,258835,0076,DELHI,DELHI,,,17-Mar-2026 15:00,17-Mar-2026 15:15,17-Mar-2026 15:15,17-Mar-2026 15:30,17-Mar-2026 09:30,17-Mar-2026 09:45,17-Mar-2026 09:45,17-Mar-2026 10:00,0:00,0.0,0:30,0.5,5605:45,4892,0,TAXI CHECK
VT-AGP,HAWKER 850XP,258835,0077,DELHI,VOVZ,,Not A,17-Mar-2026 18:40,17-Mar-2026 18:49,17-Mar-2026 20:56,17-Mar-2026 21:05,17-Mar-2026 13:10,17-Mar-2026 13:19,17-Mar-2026 15:26,17-Mar-2026 15:35,2:07,2.1,2:25,2.4,5607:52,4893,1,
VT-AGP,HAWKER 850XP,258835,0078,VOVZ,219,Not A,Not A,18-Mar-2026 00:05,18-Mar-2026 00:09,18-Mar-2026 01:01,18-Mar-2026 01:05,17-Mar-2026 18:35,17-Mar-2026 18:39,17-Mar-2026 19:31,17-Mar-2026 19:35,0:52,0.9,1:00,1.0,5608:44,4894,1,
VT-AGP,HAWKER 850XP,258835,0079,219,VOBG,Not A,Not A,21-Mar-2026 13:55,21-Mar-2026 14:00,21-Mar-2026 14:56,21-Mar-2026 15:01,21-Mar-2026 08:25,21-Mar-2026 08:30,21-Mar-2026 09:26,21-Mar-2026 09:31,0:56,0.9,1:06,1.1,5609:40,4895,1,
VT-AGP,HAWKER 850XP,258835,0080,VOBG,219,Not A,Not A,21-Mar-2026 18:18,21-Mar-2026 18:27,21-Mar-2026 19:25,21-Mar-2026 19:33,21-Mar-2026 12:48,21-Mar-2026 12:57,21-Mar-2026 13:55,21-Mar-2026 14:03,0:58,1.0,1:15,1.3,5610:38,4896,1,
VT-AGP,HAWKER 850XP,258835,0081,219,VOBG,Not A,Not A,22-Mar-2026 11:39,22-Mar-2026 11:44,22-Mar-2026 12:42,22-Mar-2026 12:47,22-Mar-2026 06:09,22-Mar-2026 06:14,22-Mar-2026 07:12,22-Mar-2026 07:17,0:58,1.0,1:08,1.1,5611:36,4897,1,
VT-AGP,HAWKER 850XP,258835,0082,VOBG,219,Not A,Not A,22-Mar-2026 13:42,22-Mar-2026 13:47,22-Mar-2026 14:45,22-Mar-2026 14:49,22-Mar-2026 08:12,22-Mar-2026 08:17,22-Mar-2026 09:15,22-Mar-2026 09:19,0:58,1.0,1:07,1.1,5612:34,4898,1,
VT-AGP,HAWKER 850XP,258835,0083,219,VOVZ,Not A,Not A,23-Mar-2026 13:57,23-Mar-2026 14:07,23-Mar-2026 15:06,23-Mar-2026 15:15,23-Mar-2026 08:27,23-Mar-2026 08:37,23-Mar-2026 09:36,23-Mar-2026 09:45,0:59,1.0,1:18,1.3,5613:33,4899,1,
VT-AGP,HAWKER 850XP,258835,0084,VOVZ,220,Not A,Not A,23-Mar-2026 18:30,23-Mar-2026 18:36,23-Mar-2026 19:18,23-Mar-2026 19:23,23-Mar-2026 13:00,23-Mar-2026 13:06,23-Mar-2026 13:48,23-Mar-2026 13:53,0:42,0.7,0:53,0.9,5614:15,4900,1,
VT-AGP,HAWKER 850XP,258835,0085,220,219,Not A,Not A,23-Mar-2026 19:39,23-Mar-2026 19:44,23-Mar-2026 20:22,23-Mar-2026 20:26,23-Mar-2026 14:09,23-Mar-2026 14:14,23-Mar-2026 14:52,23-Mar-2026 14:56,0:38,0.6,0:47,0.8,5614:53,4901,1,
VT-AGP,HAWKER 850XP,258835,0086,219,DELHI,Not A,,24-Mar-2026 11:17,24-Mar-2026 11:23,24-Mar-2026 13:25,24-Mar-2026 13:30,24-Mar-2026 05:47,24-Mar-2026 05:53,24-Mar-2026 07:55,24-Mar-2026 08:00,2:02,2.0,2:13,2.2,5616:55,4902,1,
VT-AGP,HAWKER 850XP,258835,0087,DELHI,339,,Not A,24-Mar-2026 14:07,24-Mar-2026 14:22,24-Mar-2026 15:24,24-Mar-2026 15:39,24-Mar-2026 08:37,24-Mar-2026 08:52,24-Mar-2026 09:54,24-Mar-2026 10:09,1:02,1.0,1:32,1.5,5617:57,4903,1,
VT-AGP,HAWKER 850XP,258835,0088,339,DELHI,Not A,,24-Mar-2026 21:45,24-Mar-2026 21:51,24-Mar-2026 23:01,24-Mar-2026 23:07,24-Mar-2026 16:15,24-Mar-2026 16:21,24-Mar-2026 17:31,24-Mar-2026 17:37,1:10,1.2,1:22,1.4,5619:07,4904,1,
VT-AGP,HAWKER 850XP,258835,0089,DELHI,219,,Not A,25-Mar-2026 16:34,25-Mar-2026 16:46,25-Mar-2026 18:47,25-Mar-2026 18:58,25-Mar-2026 11:04,25-Mar-2026 11:16,25-Mar-2026 13:17,25-Mar-2026 13:28,2:01,2.0,2:24,2.4,5621:08,4905,1,
VT-AGP,HAWKER 850XP,258835,0090,219,131,Not A,Not A,26-Mar-2026 12:03,26-Mar-2026 12:12,26-Mar-2026 14:14,26-Mar-2026 14:22,26-Mar-2026 06:33,26-Mar-2026 06:42,26-Mar-2026 08:44,26-Mar-2026 08:52,2:02,2.0,2:19,2.3,5623:10,4906,1,
VT-AGP,HAWKER 850XP,258835,0091,131,VOBG,Not A,Not A,26-Mar-2026 19:20,26-Mar-2026 19:32,26-Mar-2026 20:51,26-Mar-2026 21:03,26-Mar-2026 13:50,26-Mar-2026 14:02,26-Mar-2026 15:21,26-Mar-2026 15:33,1:19,1.3,1:43,1.7,5624:29,4907,1,
VT-AGP,HAWKER 850XP,258835,0092,VOBG,219,Not A,Not A,27-Mar-2026 18:00,27-Mar-2026 18:05,27-Mar-2026 19:10,27-Mar-2026 19:15,27-Mar-2026 12:30,27-Mar-2026 12:35,27-Mar-2026 13:40,27-Mar-2026 13:45,1:05,1.1,1:15,1.3,5625:34,4908,1,
VT-AGP,HAWKER 850XP,258835,0093,219,220,Not A,Not A,28-Mar-2026 08:35,28-Mar-2026 08:41,28-Mar-2026 09:15,28-Mar-2026 09:20,28-Mar-2026 03:05,28-Mar-2026 03:11,28-Mar-2026 03:45,28-Mar-2026 03:50,0:34,0.6,0:45,0.8,5626:08,4909,1,
VT-AGP,HAWKER 850XP,258835,0094,220,219,Not A,Not A,28-Mar-2026 20:25,28-Mar-2026 20:31,28-Mar-2026 21:04,28-Mar-2026 21:10,28-Mar-2026 14:55,28-Mar-2026 15:01,28-Mar-2026 15:34,28-Mar-2026 15:40,0:33,0.6,0:45,0.8,5626:41,4910,1,
VT-AGP,HAWKER 850XP,258835,0095,219,VASD,Not A,Not A,30-Mar-2026 16:44,30-Mar-2026 16:52,30-Mar-2026 17:45,30-Mar-2026 17:52,30-Mar-2026 11:14,30-Mar-2026 11:22,30-Mar-2026 12:15,30-Mar-2026 12:22,0:53,0.9,1:08,1.1,5627:34,4911,1,
VT-AGP,HAWKER 850XP,258835,0096,VASD,219,Not A,Not A,30-Mar-2026 19:53,30-Mar-2026 20:01,30-Mar-2026 20:58,30-Mar-2026 21:06,30-Mar-2026 14:23,30-Mar-2026 14:31,30-Mar-2026 15:28,30-Mar-2026 15:36,0:57,1.0,1:13,1.2,5628:31,4912,1,
VT-AGP,HAWKER 850XP,258835,0097,219,205,Not A,Not A,31-Mar-2026 18:13,31-Mar-2026 18:18,31-Mar-2026 19:19,31-Mar-2026 19:24,31-Mar-2026 12:43,31-Mar-2026 12:48,31-Mar-2026 13:49,31-Mar-2026 13:54,1:01,1.0,1:11,1.2,5629:32,4913,1,
VT-AGP,HAWKER 850XP,258835,0098,205,219,Not A,Not A,31-Mar-2026 22:10,31-Mar-2026 22:15,31-Mar-2026 23:04,31-Mar-2026 23:08,31-Mar-2026 16:40,31-Mar-2026 16:45,31-Mar-2026 17:34,31-Mar-2026 17:38,0:49,0.8,0:58,1.0,5630:21,4914,1,
VT-AGP,HAWKER 850XP,258835,0099,219,131,Not A,Not A,02-Apr-2026 10:40,02-Apr-2026 10:45,02-Apr-2026 12:30,02-Apr-2026 12:35,02-Apr-2026 05:10,02-Apr-2026 05:15,02-Apr-2026 07:00,02-Apr-2026 07:05,1:45,1.8,1:55,1.9,5632:06,4915,1,
VT-AGP,HAWKER 850XP,258835,0100,131,219,Not A,Not A,02-Apr-2026 20:25,02-Apr-2026 20:38,02-Apr-2026 21:38,02-Apr-2026 21:50,02-Apr-2026 14:55,02-Apr-2026 15:08,02-Apr-2026 16:08,02-Apr-2026 16:20,1:00,1.0,1:25,1.4,5633:06,4916,1,
VT-AGP,HAWKER 850XP,258835,0101,219,VOGA,Not A,Not A,03-Apr-2026 10:12,03-Apr-2026 10:19,03-Apr-2026 11:20,03-Apr-2026 11:27,03-Apr-2026 04:42,03-Apr-2026 04:49,03-Apr-2026 05:50,03-Apr-2026 05:57,1:01,1.0,1:15,1.3,5634:07,4917,1,
VT-AGP,HAWKER 850XP,258835,0102,VOGA,219,Not A,Not A,05-Apr-2026 18:00,05-Apr-2026 18:08,05-Apr-2026 19:04,05-Apr-2026 19:11,05-Apr-2026 12:30,05-Apr-2026 12:38,05-Apr-2026 13:34,05-Apr-2026 13:41,0:56,0.9,1:11,1.2,5635:03,4918,1,
VT-AGP,HAWKER 850XP,258835,0103,219,vohb,Not A,Not A,12-Apr-2026 13:04,12-Apr-2026 13:09,12-Apr-2026 13:54,12-Apr-2026 13:58,12-Apr-2026 07:34,12-Apr-2026 07:39,12-Apr-2026 08:24,12-Apr-2026 08:28,0:45,0.8,0:54,0.9,5635:48,4919,1,
VT-AGP,HAWKER 850XP,258835,0104,vohb,VOTK,Not A,Not A,12-Apr-2026 15:44,12-Apr-2026 15:49,12-Apr-2026 17:09,12-Apr-2026 17:14,12-Apr-2026 10:14,12-Apr-2026 10:19,12-Apr-2026 11:39,12-Apr-2026 11:44,1:20,1.3,1:30,1.5,5637:08,4920,1,
VT-AGP,HAWKER 850XP,258835,0105,VOTK,219,Not A,Not A,12-Apr-2026 17:30,12-Apr-2026 17:35,12-Apr-2026 19:08,12-Apr-2026 19:13,12-Apr-2026 12:00,12-Apr-2026 12:05,12-Apr-2026 13:38,12-Apr-2026 13:43,1:33,1.6,1:43,1.7,5638:41,4921,1,
VT-AGP,HAWKER 850XP,258835,0106,219,220,Not A,Not A,13-Apr-2026 11:57,13-Apr-2026 12:02,13-Apr-2026 12:41,13-Apr-2026 12:46,13-Apr-2026 06:27,13-Apr-2026 06:32,13-Apr-2026 07:11,13-Apr-2026 07:16,0:39,0.7,0:49,0.8,5639:20,4922,1,
VT-AGP,HAWKER 850XP,258835,0107,220,DELHI,Not A,,13-Apr-2026 14:49,13-Apr-2026 14:53,13-Apr-2026 17:00,13-Apr-2026 17:03,13-Apr-2026 09:19,13-Apr-2026 09:23,13-Apr-2026 11:30,13-Apr-2026 11:33,2:07,2.1,2:14,2.2,5641:27,4923,1,
VT-AGP,HAWKER 850XP,258835,0108,DELHI,219,,Not A,13-Apr-2026 17:38,13-Apr-2026 17:48,13-Apr-2026 19:35,13-Apr-2026 19:44,13-Apr-2026 12:08,13-Apr-2026 12:18,13-Apr-2026 14:05,13-Apr-2026 14:14,1:47,1.8,2:06,2.1,5643:14,4924,1,
VT-AGP,HAWKER 850XP,258835,0109,219,131,Not A,Not A,16-Apr-2026 14:39,16-Apr-2026 14:43,16-Apr-2026 16:12,16-Apr-2026 16:15,16-Apr-2026 09:09,16-Apr-2026 09:13,16-Apr-2026 10:42,16-Apr-2026 10:45,1:29,1.5,1:36,1.6,5644:43,4925,1,
VT-AGP,HAWKER 850XP,258835,0110,131,VOGO,Not A,Not A,16-Apr-2026 16:35,16-Apr-2026 16:43,16-Apr-2026 17:32,16-Apr-2026 17:40,16-Apr-2026 11:05,16-Apr-2026 11:13,16-Apr-2026 12:02,16-Apr-2026 12:10,0:49,0.8,1:05,1.1,5645:32,4926,1,
VT-AGP,HAWKER 850XP,258835,0111,VOGO,108,Not A,Not A,17-Apr-2026 12:35,17-Apr-2026 12:47,17-Apr-2026 13:12,17-Apr-2026 13:23,17-Apr-2026 07:05,17-Apr-2026 07:17,17-Apr-2026 07:42,17-Apr-2026 07:53,0:25,0.4,0:48,0.8,5645:57,4927,1,
VT-AGP,HAWKER 850XP,258835,0112,108,varg,Not A,Not A,17-Apr-2026 16:00,17-Apr-2026 16:04,17-Apr-2026 16:22,17-Apr-2026 16:26,17-Apr-2026 10:30,17-Apr-2026 10:34,17-Apr-2026 10:52,17-Apr-2026 10:56,0:18,0.3,0:26,0.4,5646:15,4928,1,
VT-AGP,HAWKER 850XP,258835,0113,varg,135,Not A,Not A,17-Apr-2026 16:57,17-Apr-2026 17:00,17-Apr-2026 17:35,17-Apr-2026 17:38,17-Apr-2026 11:27,17-Apr-2026 11:30,17-Apr-2026 12:05,17-Apr-2026 12:08,0:35,0.6,0:41,0.7,5646:50,4929,1,
VT-AGP,HAWKER 850XP,258835,0114,135,VASD,Not A,Not A,18-Apr-2026 10:40,18-Apr-2026 10:49,18-Apr-2026 11:14,18-Apr-2026 11:22,18-Apr-2026 05:10,18-Apr-2026 05:19,18-Apr-2026 05:44,18-Apr-2026 05:52,0:25,0.4,0:42,0.7,5647:15,4930,1,
VT-AGP,HAWKER 850XP,258835,0115,VASD,varg,Not A,Not A,18-Apr-2026 11:40,18-Apr-2026 11:43,18-Apr-2026 12:20,18-Apr-2026 12:23,18-Apr-2026 06:10,18-Apr-2026 06:13,18-Apr-2026 06:50,18-Apr-2026 06:53,0:37,0.6,0:43,0.7,5647:52,4931,1,
VT-AGP,HAWKER 850XP,258835,0116,varg,VOGO,Not A,Not A,18-Apr-2026 13:30,18-Apr-2026 13:37,18-Apr-2026 14:06,18-Apr-2026 14:12,18-Apr-2026 08:00,18-Apr-2026 08:07,18-Apr-2026 08:36,18-Apr-2026 08:42,0:29,0.5,0:42,0.7,5648:21,4932,1,
VT-AGP,HAWKER 850XP,258835,0117,VOGO,131,Not A,Not A,18-Apr-2026 15:40,18-Apr-2026 15:48,18-Apr-2026 16:42,18-Apr-2026 16:50,18-Apr-2026 10:10,18-Apr-2026 10:18,18-Apr-2026 11:12,18-Apr-2026 11:20,0:54,0.9,1:10,1.2,5649:15,4933,1,
VT-AGP,HAWKER 850XP,258835,0118,131,219,Not A,Not A,18-Apr-2026 16:55,18-Apr-2026 17:03,18-Apr-2026 18:04,18-Apr-2026 18:12,18-Apr-2026 11:25,18-Apr-2026 11:33,18-Apr-2026 12:34,18-Apr-2026 12:42,1:01,1.0,1:17,1.3,5650:16,4934,1,
VT-AGP,HAWKER 850XP,258835,0119,219,VOCN,Not A,,19-Apr-2026 15:50,19-Apr-2026 15:59,19-Apr-2026 17:16,19-Apr-2026 17:25,19-Apr-2026 10:20,19-Apr-2026 10:29,19-Apr-2026 11:46,19-Apr-2026 11:55,1:17,1.3,1:35,1.6,5651:33,4935,1,
VT-AGP,HAWKER 850XP,258835,0120,VOCN,83,,Not A,19-Apr-2026 20:25,19-Apr-2026 20:32,19-Apr-2026 20:59,19-Apr-2026 21:05,19-Apr-2026 14:55,19-Apr-2026 15:02,19-Apr-2026 15:29,19-Apr-2026 15:35,0:27,0.5,0:40,0.7,5652:00,4936,1,
VT-AGP,HAWKER 850XP,258835,0121,83,205,Not A,Not A,20-Apr-2026 20:40,20-Apr-2026 20:49,20-Apr-2026 21:47,20-Apr-2026 21:55,20-Apr-2026 15:10,20-Apr-2026 15:19,20-Apr-2026 16:17,20-Apr-2026 16:25,0:58,1.0,1:15,1.3,5652:58,4937,1,
VT-AGP,HAWKER 850XP,258835,0122,205,219,Not A,Not A,21-Apr-2026 12:35,21-Apr-2026 12:42,21-Apr-2026 13:34,21-Apr-2026 13:40,21-Apr-2026 07:05,21-Apr-2026 07:12,21-Apr-2026 08:04,21-Apr-2026 08:10,0:52,0.9,1:05,1.1,5653:50,4938,1,
VT-AGP,HAWKER 850XP,258835,0123,219,DELHI,Not A,,26-Apr-2026 09:05,26-Apr-2026 09:13,26-Apr-2026 11:08,26-Apr-2026 11:15,26-Apr-2026 03:35,26-Apr-2026 03:43,26-Apr-2026 05:38,26-Apr-2026 05:45,1:55,1.9,2:10,2.2,5655:45,4939,1,
VT-AGP,HAWKER 850XP,258835,0124,DELHI,VIAX,,Not A,26-Apr-2026 12:50,26-Apr-2026 13:00,26-Apr-2026 13:51,26-Apr-2026 14:00,26-Apr-2026 07:20,26-Apr-2026 07:30,26-Apr-2026 08:21,26-Apr-2026 08:30,0:51,0.9,1:10,1.2,5656:36,4940,1,
VT-AGP,HAWKER 850XP,258835,0125,VIAX,DELHI,Not A,,27-Apr-2026 18:15,27-Apr-2026 18:21,27-Apr-2026 19:04,27-Apr-2026 19:10,27-Apr-2026 12:45,27-Apr-2026 12:51,27-Apr-2026 13:34,27-Apr-2026 13:40,0:43,0.7,0:55,0.9,5657:19,4941,1,
VT-AGP,HAWKER 850XP,258835,0126,DELHI,VOBG,,Not A,27-Apr-2026 19:50,27-Apr-2026 20:03,27-Apr-2026 22:43,27-Apr-2026 22:55,27-Apr-2026 14:20,27-Apr-2026 14:33,27-Apr-2026 17:13,27-Apr-2026 17:25,2:40,2.7,3:05,3.1,5659:59,4942,1,
VT-AGP,HAWKER 850XP,258835,0127,VOBG,219,Not A,Not A,28-Apr-2026 13:45,28-Apr-2026 13:52,28-Apr-2026 14:54,28-Apr-2026 15:00,28-Apr-2026 08:15,28-Apr-2026 08:22,28-Apr-2026 09:24,28-Apr-2026 09:30,1:02,1.0,1:15,1.3,5661:01,4943,1,
,,,,,,,,,,,,,,,,133:50,133.8,170:19,170.3,5661:01,4943,134,
