tenant_id,assembly_models,code_form_no,ata_code,reference_amp,description,category_code,issue_date,directive_no,is_rii,show_in_c_of_a,estimated_man_hours,note,applicability
157b8d12-c115-446e-a4dc-d12077751fe2,2c1a7b29-95fd-40d3-93e1-d68d9517cc7b,"""DGCA / NEW MISCELLANEOUS / 265""",25,FAA AD 2025-16-09,"Air Transport Association (ATA) of America Code:25, Equipment/Furnishings, or Joint Aircraft System Component (JASC) Code 2500, Cabin Equipment/Furnishing; and 2510, flight Compartment Equipment.",MIS,22-Aug-2025,"""DGCA / NEW MISCELLANEOUS / 265""",,,0:00,,"This AD applies to all airplanes, certified in any category, with a restraint system with a Pacific Scientific Company rotary buckle assembly (buckle) part number (P/N) 1111475 (all dash numbers) or P/N 1111548-01 installed having a date of manufacture (DOM) between January 2012 and April 2013 inclusive, or an unknown DOM. These buckle may be installed on, but not limited to, The Boeing Company model airplanes."
157b8d12-c115-446e-a4dc-d12077751fe2,2c1a7b29-95fd-40d3-93e1-d68d9517cc7b,ASB 407-11-95 Rev D,64,ASB 407-11-95 Rev D,"UPPER LEFT LONGERON (CHANNEL) P/N 206-031-314-037/ -177 AND SPARE ASSEMBLY P/N 206-031-314-219B, INSPECTION OF",SB*,21-Aug-2020,ASB 407-11-95 Rev D,,,0:00,,"Serial numbers 53000 through 53900, 53911 through 54061 and 54300 with cumulative flight time of 1200 hours or more."
157b8d12-c115-446e-a4dc-d12077751fe2,2c1a7b29-95fd-40d3-93e1-d68d9517cc7b,ASB 407-14-102 R.C,76,"CEB 73-6059 Rev 2, CEB 73-6060 Rev 1","ENGINE, FUEL AND CONTROL - OVERSPEED ADAPTER, INTRODUCTION OF",SB*,04-May-2016,ASB 407-14-102 R.C,,,0:00,,"Part I and III - Serial numbers 53000 through 53900, 53911 through 54162, and 54300 through 54500. Part IV - Serial numbers 53000 through 53900, 53911 through 54166, and 54300 through 54570"
157b8d12-c115-446e-a4dc-d12077751fe2,2c1a7b29-95fd-40d3-93e1-d68d9517cc7b,ASB 407-14-104 Rev. A,72,CEB A-72-6078 R2,"ENGINE, TURBINE ASSEMBLY - INSPECTION OF 3RD STAGE TURBINE WHEELS 6898663",SB,03-Nov-2015,ASB 407-14-104 Rev. A,,,0:00,,"Serial number 53000 through 53900, 53911 through 54536, and 54541"
157b8d12-c115-446e-a4dc-d12077751fe2,2c1a7b29-95fd-40d3-93e1-d68d9517cc7b,ASB 407-14-106 Rev.A,71,ASB 407-14-106 Rev.A,FREEWHEEL ASSEMBLY OIL SUPPLY BLOCKAGE,SB,09-Feb-2016,ASB 407-14-106 Rev.A,,,0:00,,"Serial numbers 53000 through 53900, 53911 through 53999, 54000 through 54299 and 54300 through 54545. [Serial number 54546 and subsequent will have the intent of Part I of this bulletin accomplished prior to delivery.]"
157b8d12-c115-446e-a4dc-d12077751fe2,2c1a7b29-95fd-40d3-93e1-d68d9517cc7b,ASB 407-15-108 Rev. B,62,ASB 407-15-108 Rev. B,"MAIN ROTOR MAST 407-040-038-123, INSPECTION AND REPAIR OF",SB,03-Sep-2015,ASB 407-15-108 Rev. B,,,0:00,,"Serial numbers 53000 through 53900, 53911 through 54159, and 54300 through 54574.(Refer SB for affected Mast S/N)"
157b8d12-c115-446e-a4dc-d12077751fe2,2c1a7b29-95fd-40d3-93e1-d68d9517cc7b,ASB 407-15-110,62,ASB 407-15-110,"PYLON SUPPORT 407-030-425-101 AND STOP SUPPORT 407-030-428-101, INSPECTION AND REWORK OF.",SB,14-Jul-2015,ASB 407-15-110,,,0:00,,"Serial numbers 54542 through 54546, 54548, 54551 and 54566"
157b8d12-c115-446e-a4dc-d12077751fe2,2c1a7b29-95fd-40d3-93e1-d68d9517cc7b,ASB 407-15-111,25,ASB 407-15-111,"Seat Belt Comfort Clips, Removal of.",SB,11-Jan-2016,ASB 407-15-111,,,0:00,,"Serial numbers 53000 through 53900, 53911 through 54166, and 54300 through 54599."
157b8d12-c115-446e-a4dc-d12077751fe2,2c1a7b29-95fd-40d3-93e1-d68d9517cc7b,ASB 407-16-112 Rev.C,21,ASB 407-16-112 Rev.C,"Air Conditioner Blower Motor Connector, Inspection of",SB,10-Jul-2019,ASB 407-16-112 Rev.C,,,0:00,,"Serial number 53000 through 53900, 53911 through 54645. [Serial number 54646 and subsequent will have the intent of bulletin accomplished prior to delivery.]"
157b8d12-c115-446e-a4dc-d12077751fe2,2c1a7b29-95fd-40d3-93e1-d68d9517cc7b,ASB 407-16-113,66,ASB 407-16-113,"TAIL ROTOR DRIVESHAFT SEGMENT ASSEMBLY, INSPECTION OF",SB,12-Feb-2016,ASB 407-16-113,,,0:00,,"Serial numbers 53000 through 53900, 53911 through 54166, and 54300 through 54657."
157b8d12-c115-446e-a4dc-d12077751fe2,2c1a7b29-95fd-40d3-93e1-d68d9517cc7b,ASB 407-16-114 RC,72,CEB-A-72-6085 R3,"ENGINE, COMBUSTION ASSEMBLY - INSPECTION OF OUTER COMBUSTION CASE P/N M250-10404",SB*,03-Mar-2017,ASB 407-16-114 RC,,,0:00,,"Serial number 54155, 54158, 54160, 54478 through 54484, 54487, 54488, 54490, 54496, 54497, 54499 through 54566, 54568 through 54657, 54659, 54660, 54662 through 54668, and 54670 through 54693."
157b8d12-c115-446e-a4dc-d12077751fe2,2c1a7b29-95fd-40d3-93e1-d68d9517cc7b,ASB 407-17-115,62,ASB 407-17-115,"MAIN ROTOR EXPANDABLE BLADE BOLT 406-310-103-101 / -103, INSPECTION OF",SB,13-Feb-2017,ASB 407-17-115,,,0:00,,"Serial numbers 53000 through 53900, 53911 through 54299, 54300 through 54566, 54568 through 54657, 54659, 54660, 54662 through 54668, 54671, 54672, 54674 through 54687, and 54693."
157b8d12-c115-446e-a4dc-d12077751fe2,2c1a7b29-95fd-40d3-93e1-d68d9517cc7b,ASB 407-18-116,4,ASB 407-18-116,"EXTERNAL POWER RECEPTACLE CABLE ASSEMBLIES, ONE-TIME TORQUE CHECK OF",SB,22-Feb-2018,ASB 407-18-116,,,0:00,,"Serial numbers 54652 through 54679, 54685 through 54697, 54699, 54700, 54702 through 54707, 54717, 54719, 54721, 54727, and 54729"
157b8d12-c115-446e-a4dc-d12077751fe2,2c1a7b29-95fd-40d3-93e1-d68d9517cc7b,ASB 407-18-117,76,ASB 407-18-117,"TAIL ROTOR GEARBOX PITCH CHANGE MECHANISM HOUSING 206-011-721-113, INSPECTION OF",SB,03-Apr-2018,ASB 407-18-117,,,0:00,,"Serial numbers 54300 through 54566, 54568 through 54657, 54659 through, 54719, 54721 through 54725, 54727 through 54730, 54733, 54741, and 54742."
157b8d12-c115-446e-a4dc-d12077751fe2,2c1a7b29-95fd-40d3-93e1-d68d9517cc7b,ASB 407-19-118,79,ASB 407-19-118,"APPROVED ENGINE OILS DECAL 31-056-31DHHP, REPLACEMENT OF",SB,22-May-2019,ASB 407-19-118,,,0:00,,"Serial numbers 54567, 54805 through 54816, 54819, 54820, 54826, 54828 through 54832, 54834 through 54838, 54841, 54843, and 54844."
157b8d12-c115-446e-a4dc-d12077751fe2,2c1a7b29-95fd-40d3-93e1-d68d9517cc7b,ASB 407-19-119,21,`Air comm SB 407-021219,AIR COMM CORPORATION AIR CONDITIONER BLOWER MOTOR CONNECTOR,SB,10-Jul-2019,ASB 407-19-119,,,0:00,,"Serial number 53000 through 53900, 53911 through 54805, 54807 through 54824, 54826, 54828 through 54832, 54834 through 54839, 54841 through 54845, and 54847"
157b8d12-c115-446e-a4dc-d12077751fe2,2c1a7b29-95fd-40d3-93e1-d68d9517cc7b,ASB 407-19-120 RB,72,ASB 407-19-120 RB,"FORWARD ENGINE FIREWALL PLUG BUTTON, INSPECTION AND INSTALLATION OF",SB,30-Jul-2020,ASB 407-19-120 RB,,,0:00,,"Serial numbers 54811 through 54813, 54815, 54816, 54819, 54832, 54841, 54842, and 54844"
157b8d12-c115-446e-a4dc-d12077751fe2,2c1a7b29-95fd-40d3-93e1-d68d9517cc7b,ASB 407-20-121,53,ASB 407-20-121,"SIDE BODY FAIRING FASTENERS, DETAILED VISUAL INSPECTION OF.",SB*,15-Jan-2021,ASB 407-20-121,,,0:00,,MODEL AFFECTED-407
157b8d12-c115-446e-a4dc-d12077751fe2,2c1a7b29-95fd-40d3-93e1-d68d9517cc7b,ASB 407-21-122,62,ASB 407-21-122,"MAIN ROTOR PITCH LINK TUBE ASSEMBLY 406-010-413-119/-133/-13 9, INSPECTION AND APPLICATION OF TORQUE SEAL LACQUER.",SB,08-Feb-2021,ASB 407-21-122,,,0:00,,"Serial numbers 53000 through 53900, 53911 through 53999, 54000 through 54166, 54300 through 54891, 54893, 54894, 54896 through 54903, 54905, 54906, 54908 through 54910, 54912 through 549921, 54923, 54925, 54927, and 54929 through 54941."
157b8d12-c115-446e-a4dc-d12077751fe2,2c1a7b29-95fd-40d3-93e1-d68d9517cc7b,ASB 407-21-122 Part II,61,ASB 407-21-122 Part II,"MAIN ROTOR PITCH LINK TUBE ASSEMBLY 406-010-413-119/-133/-13 9, INSPECTION AND APPLICATION OF TORQUE SEAL LACQUER.",SB*,09-May-2021,ASB 407-21-122 Part II,,,0:00,,"Serial numbers 53000 through 53900, 53911 through 53999, 54000 through 54166, 54300 through 54891, 54893, 54894, 54896 through 54903, 54905, 54906, 54908 through 54910, 54912 through 549921, 54923, 54925, 54927, and 54929 through 54941."
157b8d12-c115-446e-a4dc-d12077751fe2,2c1a7b29-95fd-40d3-93e1-d68d9517cc7b,ASB 407-21-123,4,ASB 407-21-123,"TAILBOOM ASSEMBLY, NEW AIRWORTHINESS LIMITATION SCHEDULE (ALS) INSPECTION REQUIREMENT.",SB*,06-Jul-2021,ASB 407-21-123,,,0:00,,"Serial number 53000 through 53900, 53911 through 54166, and 54300 and subsequent."
157b8d12-c115-446e-a4dc-d12077751fe2,2c1a7b29-95fd-40d3-93e1-d68d9517cc7b,ASB 407-21-124,73,ASB 407-21-124,"FUEL SYSTEM STANDPIPE ASSEMBLY 407-062-032-103, ONE-TIME INSPECTION AND REWORK OF",SB,01-Feb-2022,ASB 407-21-124,,,0:00,,"Serial numbers 54832 through 54931, 54933 through 54939, and 54942 through 54954"
157b8d12-c115-446e-a4dc-d12077751fe2,2c1a7b29-95fd-40d3-93e1-d68d9517cc7b,ASB 407-21-125,67,ASB 407-21-125,"COLLECTIVE PITCH TRANSDUCER 412-074-101-107, INTRODUCTION OF",SB,28-Sep-2021,ASB 407-21-125,,,0:00,,"Serial numbers 54304, 54567, 54805 through 54969"
157b8d12-c115-446e-a4dc-d12077751fe2,2c1a7b29-95fd-40d3-93e1-d68d9517cc7b,ASB 407-21-126,67,ASB 407-21-126,"PILOT CYCLIC CONTROL STICK BALANCE, ONE-TIME VERIFICATION OF.",SB,06-Oct-2021,ASB 407-21-126,,,0:00,,"Serial numbers 54300 through 54752, and 54805 through 54951."
157b8d12-c115-446e-a4dc-d12077751fe2,2c1a7b29-95fd-40d3-93e1-d68d9517cc7b,ASB 407-22-127,72,ASB 407-22-127,"FREEWHEEL ASSEMBLY AFT CAP 406-040-509- 101, INSPECTION OF.",SB,20-Oct-2022,ASB 407-22-127,,,0:00,,"Serial numbers 54641, 54737 through 54750, 54752, 54807, 54809 through 54812, 54814, 54825, and 54903"
157b8d12-c115-446e-a4dc-d12077751fe2,2c1a7b29-95fd-40d3-93e1-d68d9517cc7b,ASB 407-22-127 RA,72,ASB 407-22-127 RA,"FREEWHEEL ASSEMBLY AFT CAP 406-040-509-101, INSPECTION OF.",SB,09-Nov-2022,ASB 407-22-127 RA,,,0:00,,"Serial numbers 54641, 54737 through 54750, 54752, 54807, 54809 through 54812, 54814, 54825, and 54903"
157b8d12-c115-446e-a4dc-d12077751fe2,2c1a7b29-95fd-40d3-93e1-d68d9517cc7b,ASB 407-22-128,64,ASB 407-22-128,"TAILBOOM ATTACHMENT HARDWARE AND FITTINGS, ONE-TIME TORQUE CHECK AND INSPECTION OF.",SB,08-Dec-2022,ASB 407-22-128,,,0:00,,"Serial numbers 53000 through 53900, 53911 through 53999, 54000 through 54166, 54300 through 54800, 54805 through 54954, 54956 through 54997, 54999, and 56300 through 56304."
157b8d12-c115-446e-a4dc-d12077751fe2,2c1a7b29-95fd-40d3-93e1-d68d9517cc7b,ASB 407-23-129,25,ASB 407-23-129,"ELECTRICAL HARNESSES, INSPECTION OF.",SB,29-Jun-2023,ASB 407-23-129,,,0:00,,"Serial numbers 54300 through 54752, 54805 through 54999, and 56300 through 56357. [Serial number 56358 and subsequent will have the intent of this bulletin accomplished prior to delivery.]"
157b8d12-c115-446e-a4dc-d12077751fe2,2c1a7b29-95fd-40d3-93e1-d68d9517cc7b,ASB 407-23-129 RA,25,ASB 407-23-129 RA,"ELECTRICAL HARNESSES, INSPECTION OF.",SB,30-Oct-2023,ASB 407-23-129 RA,,,0:00,,"Serial numbers 54300 through 54752, 54805 through 54999, and 56300 through 56366 and 56368.."
157b8d12-c115-446e-a4dc-d12077751fe2,2c1a7b29-95fd-40d3-93e1-d68d9517cc7b,ASB 407-23-130 PART I,67,ASB 407-23-130 PART I,"PILOT CYCLIC STICK ASSEMBLY 206-001-344- 105/-109/-115, INSPECTION AND REPAIR OF.",SB,27-Feb-2023,ASB 407-23-130 PART I,,,0:00,,"Serial numbers 53000 through 53900, 53911 through 53999, 54000 through 54166, 54300 through 54800, 54805 through 54999, 56300 through 56304, 56311 through 56315. Serial number 54955, 54998, 56305 through 56310, and 56316 and subsequent are not affected by this bulletin"
157b8d12-c115-446e-a4dc-d12077751fe2,2c1a7b29-95fd-40d3-93e1-d68d9517cc7b,ASB 407-23-130 RA,67,ASB 407-23-130 RA,"PILOT CYCLIC STICK ASSEMBLY 206-001-344- 105/-109/-115, INSPECTION AND REPAIR OF.",SB,27-Mar-2023,ASB 407-23-130 RA,,,0:00,,"Serial numbers 53000 through 53900, 53911 through 53999, 54000 through 54166, 54300 through 54800, 54805 through 54999, 56300 through 56304, 56311 through 56315."
157b8d12-c115-446e-a4dc-d12077751fe2,2c1a7b29-95fd-40d3-93e1-d68d9517cc7b,ASB 407-23-131,31,ASB 407-23-131,"GARMIN GSU 75H AIR DATA ATTITUDE AND HEADING REFERENCE SYSTEM, INSPECTION AND REPLACEMENT OF",SB,25-Sep-2023,ASB 407-23-131,,,0:00,,"Serial numbers 54304, 54567, 54805 through 54999, 56300 through 56350, and 56352 through 56355. [Serial numbers 56351, and 56356 and subsequent will have the intent of this bulletin accomplished prior to delivery.]"
157b8d12-c115-446e-a4dc-d12077751fe2,2c1a7b29-95fd-40d3-93e1-d68d9517cc7b,ASB 407-23-132,64,ASB 407-23-132,"TAIL ROTOR BLADE 406-016-100-119, INSPECTION OF",SB,14-Aug-2023,ASB 407-23-132,,,0:00,,"Serial numbers 53000 through 53900, 53911 through 53999, 54000 through 54166, 54300 through 54800, 54805 through 54999."
157b8d12-c115-446e-a4dc-d12077751fe2,2c1a7b29-95fd-40d3-93e1-d68d9517cc7b,ASB 407-23-133 PART 1,55,ASB 407-23-133 PART 1,"HORIZONTAL STABILIZER AND CARGO HOOK FITTINGS - SELF LOCKING INSERTS, INSPECTION OF",SB*,25-Jan-2024,ASB 407-23-133 PART 1,,,0:00,,"PART I: Serial numbers 53000 through 53900, 53911 through 53999, 54000 through 54166, 54300 through 54800, 54805 through 54999, and 56300 and subsequent."
157b8d12-c115-446e-a4dc-d12077751fe2,2c1a7b29-95fd-40d3-93e1-d68d9517cc7b,ASB 407-23-133 Part 1 (One Time),55,ASB 407-23-133 Part 1 (One Time),"HORIZONTAL STABILIZER - SELF LOCKING INSERTS, INSPECTION OF.",SB,25-Jan-2024,ASB 407-23-133 Part 1 (One Time),,,0:00,,"PART I: Serial numbers 53000 through 53900, 53911 through 53999, 54000 through 54166, 54300 through 54800, 54805 through 54999, and 56300 and subsequent."
157b8d12-c115-446e-a4dc-d12077751fe2,2c1a7b29-95fd-40d3-93e1-d68d9517cc7b,ASB 407-23-133 PART 2,55,ASB 407-23-133 PART 2,"HORIZONTAL STABILIZER AND CARGO HOOK FITTINGS - SELF LOCKING INSERTS, INSPECTION OF",SB,25-Jan-2024,ASB 407-23-133 PART 2,,,0:00,,"PART II: Serial numbers 53000 through 53900, 53911 through 53999, 54000 through 54166, 54300 through 54800, 54805 through 54999, and 56300 through 56335"
157b8d12-c115-446e-a4dc-d12077751fe2,2c1a7b29-95fd-40d3-93e1-d68d9517cc7b,ASB 407-24-134 (One Time),64,ASB 407-24-134 (One Time),"Tailboom Attachment Hardware and Fittings, Inspection of",SB,12-Feb-2024,ASB 407-24-134 (One Time),,,0:00,,Serial numbers 53911 through 53999
157b8d12-c115-446e-a4dc-d12077751fe2,2c1a7b29-95fd-40d3-93e1-d68d9517cc7b,ASB 407-24-134 Part I,64,ASB 407-24-134 Part I,"Tailboom Attachment Hardware and Fittings, Inspection of",SB,12-Feb-2024,ASB 407-24-134 Part I,,,0:00,,Serial numbers 53911 through 53999
157b8d12-c115-446e-a4dc-d12077751fe2,2c1a7b29-95fd-40d3-93e1-d68d9517cc7b,ASB 407-24-134 Part II,64,ASB 407-24-134 Part II,"Tailboom Attachment Hardware and Fittings, Inspection of",SB,12-Feb-2024,ASB 407-24-134 Part II,,,0:00,,Serial numbers 53911 through 53999
157b8d12-c115-446e-a4dc-d12077751fe2,2c1a7b29-95fd-40d3-93e1-d68d9517cc7b,ASB 407-24-134 Part III,64,ASB 407-24-134 Part III,"Tailboom Attachment Hardware and Fittings, Inspection of",SB,12-Feb-2024,ASB 407-24-134 Part III,,,0:00,,Serial numbers 53911 through 53999
157b8d12-c115-446e-a4dc-d12077751fe2,2c1a7b29-95fd-40d3-93e1-d68d9517cc7b,ASB 407-24-134 Rev A Part IV,64,ASB 407-24-134 Rev A Part IV,"Tailboom Attachment Hardware and Fittings, Inspection of",SB,17-Mar-2025,ASB 407-24-134 Rev A Part IV,,,0:00,,"Serial numbers 53000 through 53900, 53911 through 53999, 54000 through 54166, 54300 through 54752, 54805 through 54999 and 56300 and subsequent"
157b8d12-c115-446e-a4dc-d12077751fe2,2c1a7b29-95fd-40d3-93e1-d68d9517cc7b,ASB 407-24-135,67,ASB 407-24-135,"CYCLIC CONTROL AFCS KIT INCORRECT HARDWARE, INSPECTION OF",SB,21-May-2024,ASB 407-24-135,,,0:00,,"Serial numbers 54300 through 54752, 54805 through 54999, and 56300 through 56379"
157b8d12-c115-446e-a4dc-d12077751fe2,2c1a7b29-95fd-40d3-93e1-d68d9517cc7b,ASB 407-24-136,32,ASB 407-24-136,STANDARD AND HIGH LANDING GEAR FORWARD CROSSTUBES - INSPECTION OF,SB,25-Jul-2024,ASB 407-24-136,,,0:00,,"Serial numbers 53000 through 53900, 53911 through 53999, 54000 through 54166, 54300 through 54752, 54805 through 54999 and 56300 and subsequent."
157b8d12-c115-446e-a4dc-d12077751fe2,2c1a7b29-95fd-40d3-93e1-d68d9517cc7b,ASB 407-24-137,62,ASB 407-24-137,"MAIN ROTOR EXPANDABLE BLADE BOLT 406-310-103-103, REMOVAL FROM SERVICE",SB,17-Jul-2024,ASB 407-24-137,,,0:00,,"Serial numbers 53000 through 53900, 53911 through 53999, 54000 through 54166, 54300 through 54752, 54805 through 54999 and 56300 through 56396"
157b8d12-c115-446e-a4dc-d12077751fe2,2c1a7b29-95fd-40d3-93e1-d68d9517cc7b,ASB 407-24-138,53,ASB 407-24-138,"ROOF BEAM SHIMMING, INSPECTION AND REPAIR OF",SB,26-Nov-2024,ASB 407-24-138,,,0:00,,"Serial numbers 54667, 54682, 54684, 54689, 54690, 54694, 54695, 54700, 54704, 54710, 54712, 54714 through 54752, 54805 through 54995, 54998, 54999, 56300 and 56307"
157b8d12-c115-446e-a4dc-d12077751fe2,2c1a7b29-95fd-40d3-93e1-d68d9517cc7b,ASB 407-24-139,28,ASB 407-24-139,"AIRFRAME FUEL FILTER ASSEMBLY 222-366- 621-105 DRAIN HOLE, INSPECTION OF",SB,16-Dec-2024,ASB 407-24-139,,,0:00,,"Serial numbers 53000 through 53900, 53911 through 54166 and 54300 through 54752."
157b8d12-c115-446e-a4dc-d12077751fe2,2c1a7b29-95fd-40d3-93e1-d68d9517cc7b,ASB 407-24-140,73,ASB 407-24-140,"FUEL LEAK WITHIN SHUTOFF VALVE COMPARTMENT, ONE-TIME INSPECTION OF",SB,17-Dec-2024,ASB 407-24-140,,,0:00,,"Serial numbers 54812 through 54999, 56300 through 56407, 56409, 56411 and 56413"
157b8d12-c115-446e-a4dc-d12077751fe2,2c1a7b29-95fd-40d3-93e1-d68d9517cc7b,ASB 407-25-141,64,ASB 407-25-141,"TAILBOOM ATTACHMENT BOLTS NEW AIRWORTHINESS LIMITATION, INTRODUCTION OF",SB*,19-Jun-2025,ASB 407-25-141,,,0:00,,"Serial numbers 53000 through 53900, 53911 through 54166, 54300 through 54752, 54805 through 54999, 56300 and subsequent."
157b8d12-c115-446e-a4dc-d12077751fe2,2c1a7b29-95fd-40d3-93e1-d68d9517cc7b,ASB 407-25-142,25,---,"TAIL ROTOR DRIVESHAFT SEGMENT ASSEMBLIES 407-040-330-101/-105/-107 AND AFT SHORT SHAFT ASSEMBLIES 407-040-325-101/-105/-107 GAP UNDER RIVET HEAD, INSPECTION OF.",SB,13-May-2025,ASB 407-25-142,,,0:00,,"Serial numbers 53000 through 53900, 53911 through 53999, 54000 through 54166, 54300 through 54752, 54805 through 54999, 56300 through 56323, 56325 through 56331, 56336 and 56339."
157b8d12-c115-446e-a4dc-d12077751fe2,2c1a7b29-95fd-40d3-93e1-d68d9517cc7b,ASB 407-25-142,25,---,"TAIL ROTOR DRIVESHAFT SEGMENT ASSEMBLIES 407-040-330-101/-105/-107 AND AFT SHORT SHAFT ASSEMBLIES 407-040-325-101/-105/-107 GAP UNDER RIVET HEAD, INSPECTION OF.",SB*,13-May-2025,ASB 407-25-142,,,0:00,,
157b8d12-c115-446e-a4dc-d12077751fe2,2c1a7b29-95fd-40d3-93e1-d68d9517cc7b,ASB 407-25-143 Part 1,32,ASB 407-25-143,"LANDING GEAR AFT CROSSTUBE LOWER SUPPORT RUBBER CUSHION, ONE-TIME INSPECTION OF",SB,16-Jul-2025,ASB 407-25-143 Part 1,,,0:00,,"Serial numbers 53000 through 53900, 53911 through 53999, 54000 through 54166, 54300 through 54752, 54805 through 54999, 56300 through 56398, 56400, 56401, 56403 and 56404"
157b8d12-c115-446e-a4dc-d12077751fe2,2c1a7b29-95fd-40d3-93e1-d68d9517cc7b,ASB 407-25-144,25,ASB 407-25-144,"GENERATOR CONTROL UNIT (GCU) OPERATIONAL CHECK, INTRODUCTION OF",SB,03-Sep-2025,ASB 407-25-144,,,0:00,,"Serial numbers 54304, 54567, 54805 through 54999, 56300 through 56454 and 56456 equipped with Single Pilot IFR kit (STC # SR11241DS)."
157b8d12-c115-446e-a4dc-d12077751fe2,2c1a7b29-95fd-40d3-93e1-d68d9517cc7b,CF-2018-16,25,ASB NO.407-15-111,Equipment / Furnishings - Seat Belt Comfort Clips Adverse Effect on Occupant Restraint,AD,28-Jun-2018,CF-2018-16,,,0:00,,"Bell Helicopter Textron Canada Limited (BHTCL) model 206, 206A, 206A-1, 206B, 206B-1, 206L, 206L-1, 206L-3, 206L-4, 222, 222B, 222U, 230, 407, 427, 429 and 430 helicopters, all serial numbers"
157b8d12-c115-446e-a4dc-d12077751fe2,2c1a7b29-95fd-40d3-93e1-d68d9517cc7b,CF-2019-01,20,CF-2019-01,"Standard Practices - Helicopter External Transport System (HETS?) - Unapproved Parts, Inadequate Service Life Limits and Maintenance Requirements",AD,08-Jan-2019,CF-2019-01,,,0:00,,"HETS? certified under Transport Canada Supplemental Type Certificate (STC) SH98-35, Issue 1 and Issue 2 installed on the following helicopter models: Bell Helicopter Textron Canada Ltd. model 206B, 206L, 206L-1, 206L-3, 206L-4 and 407."
157b8d12-c115-446e-a4dc-d12077751fe2,2c1a7b29-95fd-40d3-93e1-d68d9517cc7b,CF-2021-34,53,CF-2021-34,Fuselage - Tailboom - Lower Skin Cracking,AD,22-Oct-2021,CF-2021-34,,,0:00,,"Bell Textron Canada Limited (Bell) model 407 helicopters, serial numbers 53000 through 53900, 53911 through 54166, 54300 and subsequent."
157b8d12-c115-446e-a4dc-d12077751fe2,2c1a7b29-95fd-40d3-93e1-d68d9517cc7b,CF-2025-21R1,62,,Main Rotor - Expandable Blade Bolt incorrect heat treatment,AD,17-Nov-2025,CF-2025-21R1,,,0:00,,"Bell Textron Canada Limited (BTCL) model 407 helicopters, All Serial Numbers Bell Textron Canada Limited (BTCL) model 427 helicopters, All Serial Numbers"
157b8d12-c115-446e-a4dc-d12077751fe2,2c1a7b29-95fd-40d3-93e1-d68d9517cc7b,CF-2025-59,53,,Fuselage - Tailboom - Tailboom Attachment Hardware Fracture,AD*,19-Nov-2025,CF-2025-59,,,0:00,,"Bell Textron Canada Limited (Bell) model 407 helicopters, all serial numbers."
157b8d12-c115-446e-a4dc-d12077751fe2,2c1a7b29-95fd-40d3-93e1-d68d9517cc7b,DGCA / BELL 407 / 50,28,FAA AD 2024-10-12,"Joint Aircraft System Component (JASC) Code: 2897, Fuel system wiring",MOD,12-Jul-2024,DGCA / BELL 407 / 50,,,0:00,,"This AD applies to Bell Textron Canada Limited Model 407 helicopters, serial numbers 54832 through 54931 inclusive, 54933 through 54939 inclusive, and 54942 through 54954 inclusive, certificated in any category, with a fuel system standpipe assembly (standpipe) part number 407- 062-032-103 installed."
157b8d12-c115-446e-a4dc-d12077751fe2,2c1a7b29-95fd-40d3-93e1-d68d9517cc7b,DGCA / BELL 407 / 51,62,FAA AD 2025-13-01,"Joint Aircraft System Component (JASC) Code 6210, Main Rotor Blades.",MOD,27-Jun-2025,DGCA / BELL 407 / 51,,,0:00,,"This AD applies to Bell Textron Canada Limited Model 407 and 427 helicopters, certificated in any category."
157b8d12-c115-446e-a4dc-d12077751fe2,2c1a7b29-95fd-40d3-93e1-d68d9517cc7b,DGCA / NEW MISC / 261,78,EASA AD 2024-0221,ATA 78 - Exhaust - Engine / Turbocharger Exhaust System / Components - Inspection,MIS,04-Dec-2024,DGCA / NEW MISC / 261,,,0:00,,"This AD applies to all turbocharged reciprocating engine-powered aircraft and turbocharged reciprocating engines, types and models that have an affected part installed, as well as to those for which an affected part is eligible for installation"
157b8d12-c115-446e-a4dc-d12077751fe2,2c1a7b29-95fd-40d3-93e1-d68d9517cc7b,DGCA / NEW MISCELLAN EOUS / 237R1,25,FAA AD 2024-26-02,"Joint Aircraft System Component (JASC) Code: 2500, Cabin Equipment/Furnishings",MIS,17-Feb-2025,DGCA / NEW MISCELLAN EOUS / 237R1,,,0:00,,"The buckles identified in paragraph (c)(1) of this AD may be installed on, but not limited to, The Boeing Company, Bombardier Inc., Learjet Inc., Mitsubishi Heavy Industries, Ltd., Textron Aviation, Inc. (type certificate (TC) previously held by Cessna Aircraft Company), and Viking Air Limited (TC previously held by de Havilland, Inc.) model airplanes and Airbus Helicopters (TC previously held by Eurocopter France) model helicopters, certificated in any category"
157b8d12-c115-446e-a4dc-d12077751fe2,2c1a7b29-95fd-40d3-93e1-d68d9517cc7b,DGCA / NEW MISCELLAN EOUS / 258,31,DGCA-25012(05)/103/2 023-AW,Use of Indian MOGAS on Indian registered Aircraft.,MIS,13-Feb-2024,DGCA / NEW MISCELLAN EOUS / 258,,,0:00,,This MISC MOD applies to Tecnam P2006T and Tecnam 2008JC Aircraft Model Which are fitted with Rotax 912 Series engines.
157b8d12-c115-446e-a4dc-d12077751fe2,2c1a7b29-95fd-40d3-93e1-d68d9517cc7b,DGCA / NEW MISCELLAN EOUS / 259,22,FAA AD 2024-14-03,"Joint Aircraft System Component (JASC) Code 2210, Autopilot System.",MIS,19-Jul-2024,DGCA / NEW MISCELLAN EOUS / 259,,,0:00,,"This AD applies to all airplane models specified in Table 1 to paragraph (c) of this AD, certificated in any category, having a Garmin GFC 500 Autopilot System that includes an optional GSA 28 pitch trim servo installed per Supplemental Type Certificate No. SA01866WI using Master Drawing List 005-01264-00, Revisions 1 through 76"
157b8d12-c115-446e-a4dc-d12077751fe2,2c1a7b29-95fd-40d3-93e1-d68d9517cc7b,DGCA / NEW MISCELLAN EOUS / 260,25,FAA AD 2024-20-07,"Joint Aircraft System Component (JASC) Code: 2560, Emergency Equipment; and 3212 Emergency Flotation Section.",MIS,08-Nov-2024,DGCA / NEW MISCELLAN EOUS / 260,,,0:00,,"Bell Textron Canada Limited Model 206A, 206B, 206L, 206L-1, 206L-3, 206L-4 and 407 helicopters modified by STC SR01535LA"
157b8d12-c115-446e-a4dc-d12077751fe2,2c1a7b29-95fd-40d3-93e1-d68d9517cc7b,DGCA / NEW MISCELLAN EOUS / 262,34,FAA AD 2025-07-01,"Joint Aircraft System Component (JASC) Code 3417, Air Data Computer",MIS,11-Apr-2025,DGCA / NEW MISCELLAN EOUS / 262,,,0:00,,This AD applies to THOMMEN AIRCRAFT EQUIPMENT AG (THOMMEN) AC32 Digital Air Data Computers (ADCs) having an affected part as defined in paragraph (f)(1) of this AD.
157b8d12-c115-446e-a4dc-d12077751fe2,2c1a7b29-95fd-40d3-93e1-d68d9517cc7b,DGCA / NEW MISCELLAN EOUS / 263,25,UK CAA AD No. G-2025-0002,ATA: 25 - Equipment / Furnishings - Pilot & Co-Pilot Seats - Inspection / Modification,MIS,16-Apr-2025,DGCA / NEW MISCELLAN EOUS / 263,,,0:00,,"Type 3A063 pilot and co-pilot crew seats, identified by series Part Number (P/N) in Table below. These crew seats are known to be installed on, but not limited to, ATR-GIE Avions de Transport Régional ATR 42 and ATR 72 aeroplanes"
157b8d12-c115-446e-a4dc-d12077751fe2,2c1a7b29-95fd-40d3-93e1-d68d9517cc7b,DGCA / NEW MISCELLAN EOUS / 263R1,25,Correction: UK CAA AD No. G-2025-0002,ATA: 25 - Equipment / Furnishings - Pilot & Co-Pilot Seats - Inspection / Modification,MIS,25-Apr-2025,DGCA / NEW MISCELLAN EOUS / 263R1,,,0:00,,"Type 3A063 pilot and co-pilot crew seats, identified by series Part Number (P/N) in Table below. These crew seats are known to be installed on, but not limited to, ATR-GIE Avions de Transport Régional ATR 42 and ATR 72 aeroplanes"
157b8d12-c115-446e-a4dc-d12077751fe2,2c1a7b29-95fd-40d3-93e1-d68d9517cc7b,DGCA / NEW MISCELLAN EOUS / 264,34,EASA AD 2025-0088,ATA 34 - Navigation - Satellite Based Augmentation Systems / Global Positioning System Receiver - Replacement,MIS,16-Apr-2025,DGCA / NEW MISCELLAN EOUS / 264,,,0:00,,"Rockwell Collins GPS-4000S, GLU-2100, GLUS-2100 and GLUS-2100A receivers, having a Part Number (P/N) as listed in Appendix 1 of this AD, all serial numbers."
157b8d12-c115-446e-a4dc-d12077751fe2,2c1a7b29-95fd-40d3-93e1-d68d9517cc7b,DGCA / NEW MISCELLANEOUS / 266,25,UK CAA AD G-2025-0005,Equipment / Furnishings -Passenger Seats - Modification,MIS#,06-Oct-2025,DGCA / NEW MISCELLANEOUS / 266,,,0:00,,Acro Series 9 Passenger Seats with the part number listed in Appendix 1 to this AD.
157b8d12-c115-446e-a4dc-d12077751fe2,2c1a7b29-95fd-40d3-93e1-d68d9517cc7b,DGCA / NEW MISCELLANEOUS / 267,35,EASA AD 2025-0222,Oxygen - Portable Breathing Equipment - Operational Instructions,MIS#,17-Oct-2025,DGCA / NEW MISCELLANEOUS / 267,,,0:00,,"Portable Breathing Equipment (PBE) Part Number (P/N) 15-40F-11 and P/N 15-40F-80, all serial numbers. The affected PBE may be eligible for installation on any aircraft and may have been installed during the aircraft manufacturing process (production line), or in-service modification, either through a Supplemental Type Certificate, or using Type Certificate Holder (TCH) approved modification nstructions, or through a non-TCH modification approval"
157b8d12-c115-446e-a4dc-d12077751fe2,2c1a7b29-95fd-40d3-93e1-d68d9517cc7b,DGCA / NEW MISCELLANEOUS / 153R16,25,EASA AD 2015-0226R8,ATA 25 - Equipment / Furnishings - Hoist - Test / Replacement.,MIS,22-Jul-2025,DGCA / NEW MISCELLANEOUS / 153R16,,,0:00,,"This AD applies to the following helicopters, when equipped with a Goodrich hoist having a Part Number (P/N) as listed in Table 1 of this AD: Leonardo AW109SP, AB139, AW139 and AB412 (all models) helicopters, all serial numbers (s/n); BTI 212, 214 and 412 helicopters (all models), all s/n; BTCL 429 and 430 helicopters, all s/n; AH AS 365 N3, AS 332 L2 and EC225 LP helicopters, all s/n; AHD MBB-BK117 C-2, EC135 and EC635 (all models) helicopters, all s/n; MDHI MD900 helicopters, all s/n; and Sikorsky S-61 (all models), S-76A, S-76B, S-76C and S-92A helicopters, all s/n."
157b8d12-c115-446e-a4dc-d12077751fe2,2c1a7b29-95fd-40d3-93e1-d68d9517cc7b,DGCA/ BELL 407/ 43,63,FAA AD 2015-17-02,THE UNSAFE CONDITION AS FAILURE OF A DRIVESHAFT DUE TO CRACKING OF THE FLEX FRAME ON THE FORWARD END OF THE DRIVESHAFT. THIS CONDITION COULD RESULT IN LOSS OF DRIVE TO THE MAIN ROTOR SYSTEM AND A SUBSEQUENT EMERGENCY FORCED LANDING,MOD,23-Sep-2015,DGCA/ BELL 407/ 43,,,0:00,,"This MOD applies to Model 206L-4, 407, 427, and 429 helicopters with an engine-to-transmissi on driveshaft assembly (driveshaft), part number (P/N) 206-340-300-105, installed, certificated in any category"
157b8d12-c115-446e-a4dc-d12077751fe2,2c1a7b29-95fd-40d3-93e1-d68d9517cc7b,DGCA/ NEW MISC/ 240,24,EASA AD : G-2021-0003,Equipment / Furnishings - Life Jacket - Inspection,MIS,28-Jun-2021,DGCA/ NEW MISC/ 240,,,0:00,,"Survitec Group Limited (hereafter referred to as ""Survitec"" in this AD) Emergency Breathing System (EBS) P/N 12677009 fitted to Halo Passenger Lifejacket P/Ns 00031010 and 00031031"
157b8d12-c115-446e-a4dc-d12077751fe2,2c1a7b29-95fd-40d3-93e1-d68d9517cc7b,DGCA/ NEW MISC/ 242,25,EASA AD :G-2021-0004,Equipment / Furnishings - Life Raft - Inspection,MIS,23-Jul-2021,DGCA/ NEW MISC/ 242,,,0:00,,"Survitec Group Limited (hereafter referred to as ""Survitec"" in this AD) Life Raft with packed assembly P/N 00051054 (Port) and 00051055 (Starboard)"
157b8d12-c115-446e-a4dc-d12077751fe2,2c1a7b29-95fd-40d3-93e1-d68d9517cc7b,DGCA/ NEW MISC/ 245 R1,28,G-2021-0014-E,ATA 28 - Fuel -Cylinder Quick Shut-off Valve Mounting Flange - Inspection / Replacement,MIS,14-Dec-2021,DGCA/ NEW MISC/ 245 R1,,,0:00,,"Cameron Balloons Ltd,Fuel cylinders Part No (P/N) CB2901, P/N CB2902 and P/N CB2903, having a serial number (s/n) as listed in Appendix 1 of this AD."
157b8d12-c115-446e-a4dc-d12077751fe2,2c1a7b29-95fd-40d3-93e1-d68d9517cc7b,DGCA/ NEW MISC/ 232,34,FAA AD No.: 2020-16-08,"Joint Aircraft System Component (JASC)/Air Transport Association (ATA) of America Code 3410, FLIGHT ENVIRONMENT DATA; 3420, ATTITUDE AND DIRECTION DATA SYSTEM",MIS,14-Oct-2020,DGCA/ NEW MISC/ 232,,,0:00,,"This AD applies to Aspen Avionics, Inc., Evolution Flight Display (EFD) EFD1000 Primary Flight Display part number (P/N) 910-00001-011, EFD1000 Multi-Function Display P/N 910-00001- 012, and EFD1000 Emergency Backup Display P/N 910-00001-017 units that meet both conditions in paragraphs (c)(1) (i) and (ii) of this AD"
157b8d12-c115-446e-a4dc-d12077751fe2,2c1a7b29-95fd-40d3-93e1-d68d9517cc7b,DGCA/ NEW MISC/ 233,34,FAA AD No.: 2020-18-51,"Joint Airplane Service Component (JASC) Code: 3420, Attitude and Direction Data System",MIS,27-Oct-2020,DGCA/ NEW MISC/ 233,,,0:00,,This AD applies to Sandia attitude indicator (attitude indicator) part number 306171-10 and 306171-20. These attitude indicators may be marked as BendixKing Model KI-300 or Sandia Model SAI-340A. They may be installed on airplanes certificated in any category
157b8d12-c115-446e-a4dc-d12077751fe2,2c1a7b29-95fd-40d3-93e1-d68d9517cc7b,DGCA/ NEW MISC/ 234,61,FAA AD No.:2020-19-06,"Joint Aircraft System Component (JASC)/Air Transport Association (ATA) of America Code 61, Propeller",MIS,11-Nov-2020,DGCA/ NEW MISC/ 234,,,0:00,,"This AD applies to The McCauley Propeller Systems (McCauley) governors specified in paragraph (c)(1) or (2) of this AD and Installed on airplanes, Certificated in any category. (1) Models listed in table 2 of McCauley Alert Service Bulletin No. ASB273C, dated January 30, 2019 (McCauley ASB273C) with a serial number from 170061 through 180501, excluding the serial numbers listed in table 1 of McCauley ASB273C; or (2) Models listed in table 2 of McCauley ASB273C, with any serial number, that have an installation date after January31, 2017, or an installation date that cannot be determined."
157b8d12-c115-446e-a4dc-d12077751fe2,2c1a7b29-95fd-40d3-93e1-d68d9517cc7b,DGCA/ NEW MISC/ 235,26,FAA AD 2020-21-02,AIR TRANSPORT ASSOCIATION (ATA) PF AMERICA CODE 26 FIRE PROTECTION.,MIS,13-Jan-2021,DGCA/ NEW MISC/ 235,,,0:00,,"(1) This AD applies to the Kidde Aerospace & Defense cargo fire extinguisher halon bottles having part numbers and serial numbers identified in Table 1 of the service information identified in paragraphs (c)(1)(i) and (ii) of this AD. (i) Kidde Aerospace & Defense Service Bulletin 473957-26-518, Rev 02, dated November 4, 2019. (ii) Kidde Aerospace & Defense Service Bulletin 473919-26-521, Rev 02,dated November 7, 2019"
157b8d12-c115-446e-a4dc-d12077751fe2,2c1a7b29-95fd-40d3-93e1-d68d9517cc7b,DGCA/ NEW MISC/ 236,25,EASA AD No.: 2020-0272EASA AD No.: 2020-0272,ATA 25 - Equipment / Furnishings - Buckle - Modification / Replacement,MIS,13-Jan-2021,DGCA/ NEW MISC/ 236,,,0:00,,"4 Point Harness Restraint Systems, having Part Number 18-( )-( ), all dash numbers, all serial numbers. These parts are known to be installed on, but not limited to, Airbus A330, A340 and A350 aeroplanes"
157b8d12-c115-446e-a4dc-d12077751fe2,2c1a7b29-95fd-40d3-93e1-d68d9517cc7b,DGCA/ NEW MISC/ 241,25,EASA AD :2021-0137,ATA 25 - Equipment / Furnishings - Pilot and Co-pilot Seats / Longitudinal Locking System Pins - Measurement / Adjustment,MIS,28-Jun-2021,DGCA/ NEW MISC/ 241,,,0:00,,"191 series pilot seats, having Part Number (P/N) 19101-00-00, and 191 series co-pilot seats, having P/N 19102-00-00. These seats are known to be installed on, but not limited to, COMAC ARJ21-700 aeroplanes."
157b8d12-c115-446e-a4dc-d12077751fe2,2c1a7b29-95fd-40d3-93e1-d68d9517cc7b,DGCA/ NEW MISC/ 243,26,EASA AD :2021-0185 R1,ATA 26 - Fire Protection - Hand-operated Fire Extinguishers - Inspection / Replacement,MIS,17-Aug-2021,DGCA/ NEW MISC/ 243,,,0:00,,"HAFEX (Halon-free) hand-held fire extinguishers, having Part Number (P/N) P3APP003010A, P/N P3APP003010B or P/N P3APP003010C, all serial numbers (s/n)"
157b8d12-c115-446e-a4dc-d12077751fe2,2c1a7b29-95fd-40d3-93e1-d68d9517cc7b,DGCA/ NEW MISC/ 243 R1,26,EASA AD :2021-0185 R1,EASA AD :2021-0185 R1,MIS,27-Sep-2021,DGCA/ NEW MISC/ 243 R1,,,0:00,,"HAFEX (Halon-free) hand-held fire extinguishers, having Part Number (P/N) P3APP003010A, P/N P3APP003010B or P/N P3APP003010C, all serial numbers (s/n)."
157b8d12-c115-446e-a4dc-d12077751fe2,2c1a7b29-95fd-40d3-93e1-d68d9517cc7b,DGCA/ NEW MISC/ 244,26,FAA AD : 2021-22-07,"Joint Aircraft Service Component (JASC) Code: 2622, Fire Bottle, Portable",MIS,14-Dec-2021,DGCA/ NEW MISC/ 244,,,0:00,,"This AD applies to Umlaut Engineering GmbH (previously P3 Engineering GmbH) HAFEX (Halon-free) hand-held fire extinguisher (fire extinguisher) part numbers (P/Ns) P3APP003010A, P3APP003010B, and P3APP003010C"
157b8d12-c115-446e-a4dc-d12077751fe2,2c1a7b29-95fd-40d3-93e1-d68d9517cc7b,DGCA/ NEW MISC/ 245,28,G-2021-0010-E,ATA 28 - Fuel -Cylinder Quick Shut-off Valve Mounting Flange - Inspection / Replacement,MIS,14-Dec-2021,DGCA/ NEW MISC/ 245,,,0:00,,"Cameron Balloons Ltd, Fuel cylinders Part No (P/N) CB2901, P/N CB2902 and P/N CB2903, having a serial number (s/n) as listed in Appendix 1 of this AD"
157b8d12-c115-446e-a4dc-d12077751fe2,2c1a7b29-95fd-40d3-93e1-d68d9517cc7b,DGCA/ NEW MISC/ 224R1,34,FAA AD No.: 2021-05-17,"Joint Aircraft System Component (JASC) Code 3400, NAVIGATION SYSTEM",MIS,19-Apr-2021,DGCA/ NEW MISC/ 224R1,,,0:00,,"This AD applies to Rockwell Collins, Inc., (Rockwell Collins) Flight Display System Application FDSA-6500 part numbers (P/Ns) 810-0234-1H0001, 810-0234-1H0002, 810-0234-1H0003, 810-0234-2H0001, 810-0234-2C0001, 810-0234-2C0002, and 810-0234-4B0001. These applications are installed on, but not limited to, Bombardier Inc. Model CL-600-2B16 (604 variant) airplanes and Textron Aviation Inc. Models 525B, B200, B200C, B200CGT, B200GT, B300, B300C, and C90GTi airplanes, certificated in any category."
157b8d12-c115-446e-a4dc-d12077751fe2,2c1a7b29-95fd-40d3-93e1-d68d9517cc7b,DGCA/ NEW MISC/246,34,FAA AD : 2021-23-12,"Air Transport Association (ATA) of America Code 31, Indicating/Recording System; 34, Navigation.",MIS,23-Dec-2021,DGCA/ NEW MISC/246,,,0:00,,This AD applies to all transport and commuter category airplanes equipped with a radio (also known as radar) altimeter.
157b8d12-c115-446e-a4dc-d12077751fe2,2c1a7b29-95fd-40d3-93e1-d68d9517cc7b,DGCA/ NEW MISC/246 R1,31,FAA AD 2023-10-02,"Air Transport Association (ATA) of America Code 31, Indicating/Recording System; 34, Navigation",MIS,04-Aug-2023,DGCA/ NEW MISC/246 R1,,,0:00,,This AD applies to all transport and commuter category airplanes equipped with a radio (also known as radar) altimeter
157b8d12-c115-446e-a4dc-d12077751fe2,2c1a7b29-95fd-40d3-93e1-d68d9517cc7b,DGCA/ NEW MISC/247,34,FAA AD : 2021-23-13,"Joint Aircraft Service Component (JASC) Code: 3444, Ground Proximity System.",MIS,23-Dec-2021,DGCA/ NEW MISC/247,,,0:00,,"This AD applies to all helicopters, certificated in any category, equipped with a radio (also known as radar) altimeter"
157b8d12-c115-446e-a4dc-d12077751fe2,2c1a7b29-95fd-40d3-93e1-d68d9517cc7b,DGCA/BELL 407/44,65,FAA AD - 2018-10-06,"JOINT AIRCRAFT SERVICE COMPONENT(JASC) CODE:6510 TAIL ROTOR DRIVE SHAFT- A LOOSE TAIL ROTOR (TR) DRIVESHAFT SPLINED CONNECTION ,WHICH IF NOT CORRECTED COULD RESULT IN WEAR IN THE SPLINES , FAILURE OF THE TR DRIVE SYSTEM , AND SUBSEQUENT LOSS OF DIRECTIONAL CONTROL OF THE HELICOPTER",MOD*,25-Jun-2018,DGCA/BELL 407/44,,,0:00,,"This AD applies to Bell Model 407 helicopters, certificated in any category."
157b8d12-c115-446e-a4dc-d12077751fe2,2c1a7b29-95fd-40d3-93e1-d68d9517cc7b,DGCA/BELL 407/45,63,FAA AD 2019-08-10,"Joint Aircraft Service Component (JASC) Code: 6300, Main Rotor Drive System",MOD,24-Jun-2019,DGCA/BELL 407/45,,,0:00,,"This AD applies to Bell Model 206A, 206B, 206L, 206L -1, 206L -3, 206L -4, and 407 helicopters, certificated in any category."
157b8d12-c115-446e-a4dc-d12077751fe2,2c1a7b29-95fd-40d3-93e1-d68d9517cc7b,DGCA/BELL 407/46,25,FAA AD: 2021-19-01,Joint Aircraft Service Component (JASC) Code: 2500 Cabin Equipment/Furnishings.,MOD,21-Oct-2021,DGCA/BELL 407/46,,,0:00,,"This AD applies to Bell Textron Canada Limited Model 206, 206A, 206A-1 (OH-58A), 206B, 206B-1, 206L, 206L-1, 206L-3, 206L-4, 222, 222B, 222U, 230, 407, 427, 429, and 430 helicopters, certificated in any category: (1) With a shoulder harness seat belt comfort clip (comfort clip) installed; or (2) That have been modified per Supplemental Type Certificate (STC) SH2073SO (installation of shoulder harness restraint system) or STC SH2751SO (installation of a passenger shoulder harness restraint system)"
157b8d12-c115-446e-a4dc-d12077751fe2,2c1a7b29-95fd-40d3-93e1-d68d9517cc7b,DGCA/BELL 407/47,53,NTSB AIR-22-10,Require Immediate Inspection of BelL 407 Tail Boom Attachment Hardware and Fittings. 1. Before Next Flight Carryout visual inspection for presence of tail boom attachment fittings and for evidence of cracks and fractures and report findings to RAO/ SRAO. (Refer DMC-407-A-53-00-00-01A- 280A-A) 2. Within 7 Days / 5 Flight Hours Carry out re-torquing of tail boom attachment hardware. (Refer DMC -407-A-53-01-00-00A-720A -A),MOD,08-Dec-2022,DGCA/BELL 407/47,,,0:00,,Require Immediate Inspection of BelL 407 Tail Boom Attachment Hardware and Fittings. Applicable to Model Bell 407 Helicopters.
157b8d12-c115-446e-a4dc-d12077751fe2,2c1a7b29-95fd-40d3-93e1-d68d9517cc7b,DGCA/BELL 407/48,53,FAA AD 2022-27-08,"Joint Aircraft System Component (JASC) Code: 5302, Rotorcraft Tail Boom.",MOD,12-Jan-2023,DGCA/BELL 407/48,,,0:00,,"This AD applies to Bell Textron Canada Limited Model 407 helicopters serial numbers 53000 through 53900 inclusive, 53911 through 53999 inclusive, 54000 through 54166 inclusive, 54300 through 54800 inclusive, 54805 through 54954 inclusive, 54956 through 54997 inclusive, 54999, and 56300 through 56304 inclusive, certificated in any category."
157b8d12-c115-446e-a4dc-d12077751fe2,2c1a7b29-95fd-40d3-93e1-d68d9517cc7b,DGCA/BELL 407/49,64,FAA EAD 2023-17-51,"Joint Aircraft Service Component (JASC) Code: 6410, Tail Rotor Blades",MOD,29-Aug-2023,DGCA/BELL 407/49,,,0:00,,"This emergency AD applies to Bell Textron Canada Limited Model 407 helicopters, certificated in any category."
157b8d12-c115-446e-a4dc-d12077751fe2,2c1a7b29-95fd-40d3-93e1-d68d9517cc7b,DGCA/NEW -MISC/198,25,EASA AD 2017-0225,ATA 25 - Equipment / Furnishings - Seat Restraint Systems - AFM Amendment / Modification,MIS,09-Jan-2018,DGCA/NEW -MISC/198,,,0:00,,"Schroth Safety Products (hereafter referred to as ""Schroth"" in this AD) seat restraint systems Part Number (P/N) 4-01-( ), P/N 4-02-( ), P/N 4-03-( ), P/N 4-04-( ), P/N 1-09-043201BCR, P/N 1-09-483D01 and P/N 510100-01 REVA, all dash numbers, all serial numbers, if equipped with a buckle type as listed in Appendix 1 of this AD. (For detail refer SB)"
157b8d12-c115-446e-a4dc-d12077751fe2,2c1a7b29-95fd-40d3-93e1-d68d9517cc7b,DGCA/NEW MISC/199,20,FAA AD 2018-02-04,Joint Aircraft system component - Muffler/Cuff Spot Weld Failure,MIS,06-Apr-2018,DGCA/NEW MISC/199,,,0:00,,"This AD applies to Aerospace Welding Minneapolis, Inc. (AWI) mufflers: Muffler part No.: A1754001-23, S/N: 33553 through 33557; 34721 through 34728; 35322 through 35329; 35670; 38481 through 38485; 38584 through 38586; and 38723 through 38727. Muffler part No.: A1754001-25, S/N: 32795 through 32800; 33558 through 33569; 33779 through 33790; 34636 through 34653; 34968 through 34984; 35159 through 35176; 37903 through 37906; 38174 through 38193; 38502 through 38506; 38566 through 38575; and 38817 through 38836"
157b8d12-c115-446e-a4dc-d12077751fe2,2c1a7b29-95fd-40d3-93e1-d68d9517cc7b,DGCA/NEW -MISC/252 R1,35,FAA AD : 2023-13-11,"Air Transport Association (ATA) of America Code 35, Oxygen System.",MIS,18-Aug-2023,DGCA/NEW -MISC/252 R1,,,0:00,,"This AD applies to AVOX Systems Inc. (formerly Scott Aviation) oxygen cylinder and valve assemblies having part number (P/N) 89794077, 89794015, 891511-14, 806835-01, 807982-01, or 808433-01"
157b8d12-c115-446e-a4dc-d12077751fe2,2c1a7b29-95fd-40d3-93e1-d68d9517cc7b,DGCA/NEW -MISC/255,25,DGCA/NEW -MISC/255,ATA 25 - Equipment / Furnishings - Lifejackets - Inspection,MIS,13-May-2022,DGCA/NEW -MISC/255,,,0:00,,"Survitec Group Limited (hereafter referred to as ""Survitec"" in this AD) Lifejackets Type 102 Mk 3 (Adult) ,102 Mk 4 (Crew) and 105 Mk 1 (Infant)"
157b8d12-c115-446e-a4dc-d12077751fe2,2c1a7b29-95fd-40d3-93e1-d68d9517cc7b,DGCA/NEW -MISC/257,25,FAA AD 2023-12-25,"Air Transport Association (ATA) of America Code 25, Equipment/Furnishings",MIS,07-Aug-2023,DGCA/NEW -MISC/257,,,0:00,,"This AD applies to Survitec Group Limited (RFD Beaufort Ltd.) life jackets identified in paragraphs (c)(1) and (2) of this AD, having a part number and serial number identified in tables 2 through 13 of Survitec [RFD] Alert Service Bulletin 25-207-A, Version 1, dated November 24, 2021, and a date of manufacture between October 1, 2018, and April 30, 2019, inclusive."
157b8d12-c115-446e-a4dc-d12077751fe2,2c1a7b29-95fd-40d3-93e1-d68d9517cc7b,DGCA/NEW -MISC/103 CN,23,DGCA/NEW-MISC/103,CVR- THE BULK ERASE FACILITY SHOULD BE DEACTIVATED BY REMOVING THE RELEVANT CARD FROM THE CVR UNIT,MIS,01-Feb-2023,DGCA/NEW -MISC/103 CN,,,0:00,,CANCELLED vide DGCA LETTER NO. 9- 414/96-AI (2) DT. 24TH SEPT 1996
157b8d12-c115-446e-a4dc-d12077751fe2,2c1a7b29-95fd-40d3-93e1-d68d9517cc7b,DGCA/NEW -MISC/153 R15,25,EASA AD : 2015-0226R7,ATA 25 - Equipment / Furnishings - Hoist - Test / Replacement,MIS,03-Jun-2022,DGCA/NEW -MISC/153 R15,,,0:00,,"This AD applies to the following helicopters, when equipped with a Goodrich hoist having a Part Number (P/N) as listed in Table 1 of this AD"
157b8d12-c115-446e-a4dc-d12077751fe2,2c1a7b29-95fd-40d3-93e1-d68d9517cc7b,DGCA/NEW -MISC/197,25,FAA AD 2017-22-02,To prevent unexpected movement of pilot and co-pilot seatson take off and landing. The unsafe condition if not corrected could result in reduced control of the airplane.,MIS,27-Dec-2017,DGCA/NEW -MISC/197,,,0:00,,"This AD applies to Ipeco Holdings Ltd. (Ipeco) pilot and co-pilot seats with a part number listed in the Planning Information section of Ipeco Service Bulletins (SBs) Number 063-25-08, Revision 00; Number 063-25-09, Revision 00; and Number 063-25-10, Revision 00; all datedMay 31, 2016"
157b8d12-c115-446e-a4dc-d12077751fe2,2c1a7b29-95fd-40d3-93e1-d68d9517cc7b,DGCA/NEW -MISC/201,25,EASA AD 2018-0143-E,ATA 25 - Equipment / Furnishings - Towing Release Mechanism - Inspection,MIS,21-Aug-2018,DGCA/NEW -MISC/201,,,0:00,,"H 301 ""Libelle"", H 301 B, Standard Libelle, Standard Libelle 201 B, Standard Libelle 203, Glasflügel 604, BS 1, Kestrel, Club Libelle 205, Hornet, Hornet C, Mosquito, Mosquito B and Glasflügel 304 sailplanes, all manufacturer serial numbers, if equipped with a centre of gravity (C.G.) towing release mechanism"
157b8d12-c115-446e-a4dc-d12077751fe2,2c1a7b29-95fd-40d3-93e1-d68d9517cc7b,DGCA/NEW -MISC/202,25,FAA AD 2018-16-01,"Joint Aircraft System Component (JASC) Code 2510, Flight Compartment Equipment",MIS,04-Sep-2018,DGCA/NEW -MISC/202,,,0:00,,This AD applies to attendant seats NG and pilot seats 120/335 with part numbers (P/Ns) and serial numbers (For further details refer AD)
157b8d12-c115-446e-a4dc-d12077751fe2,2c1a7b29-95fd-40d3-93e1-d68d9517cc7b,DGCA/NEW -MISC/203,25,EASA AD No.: 2018-0195,ATA 25 - Equipment / Furnishings - Restraint Systems Rotary Buckle Sub Assembly - Removal from Service,MIS,14-Sep-2018,DGCA/NEW -MISC/203,,,0:00,,"Model 358 torso restraint systems Part Number (P/N) 358XX XXX-XX-XXX (where XX XXX-XX-XXX can be any combination of numbers and/or letters), serial number (s/n) 738 to 1619 inclusive"
157b8d12-c115-446e-a4dc-d12077751fe2,2c1a7b29-95fd-40d3-93e1-d68d9517cc7b,DGCA/NEW -MISC/204,28,FAA AD 2018-17-11,Air Transport Association of America (ATA) Code 28: Fuel,MIS,25-Sep-2018,DGCA/NEW -MISC/204,,,0:00,,"This AD applies to Linstrandt T30 part number (P/N) CY050001 propane cylinders, serial numbers (S/N) 0227/0158, 0316/-, 0321/-, 0322/0150, 0446/0152, 0534/0145, 0539/-, 0543/0154, 0626/0153, and 0638/0151; installed on hot air balloons"
157b8d12-c115-446e-a4dc-d12077751fe2,2c1a7b29-95fd-40d3-93e1-d68d9517cc7b,DGCA/NEW -MISC/205,25,EASA AD No.: 2018-0223,ATA 25 - Equipment / Furnishing - Seat Energy Absorber Assembly - Modification,MIS,26-Oct-2018,DGCA/NEW -MISC/205,,,0:00,,"Common Seats 170/260 H160, having a Part Number (P/N) and serial numbers (s/n) as identified in Annex A of the SB. These seats are known to be installed on, but not limited to, Airbus Helicopters (formerly Airbus Helicopters Deutschland GmbH, Eurocopter Deutschland GmbH, Eurocopter España S.A.) EC135 and EC635 helicopters; Airbus Helicopters (formerly Eurocopter, Eurocopter France, Aerospatiale) AS 332 L1 and EC 225 LP."
157b8d12-c115-446e-a4dc-d12077751fe2,2c1a7b29-95fd-40d3-93e1-d68d9517cc7b,DGCA/NEW -MISC/206,25,FAA AD : 2018-16-13,"Joint Aircraft System Component (JASC) 2500 Code, Cabin Equipment/Furnishings",MIS,26-Oct-2018,DGCA/NEW -MISC/206,,,0:00,,"This AD applies to all Zodiac Seats France, 537-Series Cabin Attendant Seats, part number (P/N) 53701-( )( )-( ) ( )( )"
157b8d12-c115-446e-a4dc-d12077751fe2,2c1a7b29-95fd-40d3-93e1-d68d9517cc7b,DGCA/NEW -MISC/207,34,EASA AD 2018-024,ATA 34 - Navigation - Transponders - Inspection / Modification,MIS,22-Nov-2018,DGCA/NEW -MISC/207,,,0:00,,"Trig Avionics TT31 Mode S transponders, Part Number (P/N) 00220-00-01, serial number (s/n) 05767 to 09715 inclusive, except those having modification (mod) level 7 or higher embodied. P/N 00220-00-01 may have been procured as part of Trig Avionics P/N 00225-00-01, which designates a kit composed of the transponder and its mounting tray; Avidyne Corporation AXP340 Mode S transponders, P/N 200-00247-0000, also marked with Trig Avionics P/N01155-00-01, s/n 00801 to 01377 inclusive, except those with mod level 1 or higher embodied; and BendixKing / Honeywell International KT74 Mode S transponders P/N 89000007-000001, also marked with Trig Avionics P/N 01157-00-01, s/n 01143 to 02955 inclusive, except those with mod level 1 or higher embodied. P/N 89000007-000001 may have been procured as part of BendixKing / Honeywell International P/N 89000007-002001, which designates a kit composed of the transponder and its mounting tray."
157b8d12-c115-446e-a4dc-d12077751fe2,2c1a7b29-95fd-40d3-93e1-d68d9517cc7b,DGCA/NEW -MISC/209,25,EASA AD 2018-0262,ATA 25 - Equipment / Furnishings - Pilot and Co-pilot Seats - Modification / Inspection,MIS,14-Jan-2019,DGCA/NEW -MISC/209,,,0:00,,"Type 3A063 pilot and co-pilot seats, identified by Part Number (P/N) in Appendix 1 of this AD, all serial numbers."
157b8d12-c115-446e-a4dc-d12077751fe2,2c1a7b29-95fd-40d3-93e1-d68d9517cc7b,DGCA/NEW -MISC/209R 1,25,UK CAA AD: G-2022-0011,ATA 25 - Equipment / Furnishings - Pilot & Co-Pilot Seats - Inspection / Modification,MIS,29-Jun-2022,DGCA/NEW -MISC/209R 1,,,0:00,,"Type 3A063 pilot and co-pilot seats, identified by Part Number (P/N) in Appendix 1 of this AD, all serial numbers. These seats are known to be installed on, but not limited to, ATR-GIE Avions de Transport Régional ATR 42 and ATR 72 aeroplanes"
157b8d12-c115-446e-a4dc-d12077751fe2,2c1a7b29-95fd-40d3-93e1-d68d9517cc7b,DGCA/NEW -MISC/210 R1,25,EASA AD 2018-0264 R,ATA 25 - Equipment / Furnishings - Life Vest Pouch - Inspection,MIS,09-Apr-2019,DGCA/NEW -MISC/210 R1,,,0:00,,"Centaurus Economy Class 13E, 13H and 13K passenger seats, having a Part Number (P/N) as identified in Appendix 1 of this AD, all serial numbers"
157b8d12-c115-446e-a4dc-d12077751fe2,2c1a7b29-95fd-40d3-93e1-d68d9517cc7b,DGCA/NEW -MISC/211 R1,25,FAA AD 2018-23-1,"Air Transport Association (ATA) of America Code 25, Equipment/furnishings.",MIS,30-Jan-2019,DGCA/NEW -MISC/211 R1,,,0:00,,"This AD applies to Zodiac Aero Evacuation Systems (also known as Air Cruisers Company) fusible plugs installed on emergency evacuation equipment identified in the service information specified in paragraphs (c)(1) through (c)(16) of this AD. These affected fusible plugs might be installed on the emergency evacuation equipment of the following manufacturers' airplanes: Airbus SAS, The Boeing Company, BAE Systems (Operations) Limited, and Fokker Services B.V."
157b8d12-c115-446e-a4dc-d12077751fe2,2c1a7b29-95fd-40d3-93e1-d68d9517cc7b,DGCA/NEW -MISC/212,34,EASA AD 2019-0004,ATA 34 - Navigation - Global Navigation Satellite System - Operational Limitation,MIS,30-Jan-2019,DGCA/NEW -MISC/212,,,0:00,,"Thales Global Positioning System/Satellite Based Augmentation System (GPS/SBAS) receivers, Topstar 200 LPV, identified by Part Number (P/N) C17149HA01 and P/N C17149JA02, using SBAS."
157b8d12-c115-446e-a4dc-d12077751fe2,2c1a7b29-95fd-40d3-93e1-d68d9517cc7b,DGCA/NEW -MISC/213,20,CF-2019-01,"Standard Practices - Helicopter External Transport System (HETS?) - Unapproved Parts, Inadequate Service Life Limits and Maintenance Requirements",MIS,30-Jan-2019,DGCA/NEW -MISC/213,,,0:00,,"HETS? certified under Transport Canada Supplemental Type Certificate (STC) SH98-35, Issue 1 and Issue 2 installed on the following helicopter models: Bell Helicopter Textron Canada Ltd. model 206B, 206L, 206L-1, 206L-3, 206L-4 and 407. Airbus Helicopters (formerly Eurocopter France) model AS 350 B, AS 350 B1, AS 350 B2, AS 350 B3, AS 350 BA and AS 350 D. Airbus Helicopters (formerly Eurocopter France) model AS 355 E, AS 355 F, AS 355 F1 and AS 355 F2. MD Helicopter Inc. model 369, 369A, 369H, 369HM, 369HS, 369HE, 369D, 369E, 369F, 369FF and 500N"
157b8d12-c115-446e-a4dc-d12077751fe2,2c1a7b29-95fd-40d3-93e1-d68d9517cc7b,DGCA/NEW -MISC/214,32,FAA AD 2018-25-17,"Joint Aircraft Service Component (JASC) Code: 2197, Air Conditioning System Wiring.",MIS,30-Jan-2019,DGCA/NEW -MISC/214,,,0:00,,"This AD applies to the following helicopters, certificated in any category: (1) Airbus Helicopters Model AS350B, AS350B1, AS350B2, AS350B3, AS350BA, AS350C, AS350D, and AS350D1 helicopters with an Air Comm air conditioning system part number (P/N) AS350-202-1, AS350-202-2, AS350-202-3, AS350-202-4, AS350-202-5, AS350-204-1, AS350-204-2, AS350-204-3, AS350-204-4, AS350-204-5, AS350-204-6, AS350-204-7, AS350-204-8, AS350-204-9, AS350-204-10, AS350-204-11, or AS350-204-12 installed. (2) Airbus Helicopters Model EC130B4 helicopters with an Air Comm air conditioning system P/N EC130-202-1, EC130-202-2,EC130-202-3, EC130-202-4, EC130-202-5, EC130-202-6, EC130-202-7, or EC130-202-8 installed. (3) Bell Helicopter Textron Canada Limited (Bell) Model 206A, 206B, 206L, 206L-1, 206L-3, and 206L-4 helicopters with an Air Comm air conditioning system P/N 206EC-200, 206EC-201, 206EC-202, 206EC-203, 206EC-204, 206EC-205, 206EC-206, 206EC-207, 206EC-208, 206EC-209, 206EC-210, 206EC-211, or 206EC-21"
157b8d12-c115-446e-a4dc-d12077751fe2,2c1a7b29-95fd-40d3-93e1-d68d9517cc7b,DGCA/NEW -MISC/215,34,FAA AD 2019-01-02,"Joint Aircraft System Component (JASC): 3410, Flight Environment Data; and 3420, Attitude and Direction Data System.",MIS,30-Jan-2019,DGCA/NEW -MISC/215,,,0:00,,"(1) This AD applies to Aspen Avionics, Inc., Evolution Flight Display (EFD) EFD1000 Primary Flight Display, EFD1000 Multi-Function Display (MFD), EFD1000 Emergency Backup Display, or EFD500 MFD units, that are installed on various aircraft and meet all conditions in paragraphs (c)(1)(i), (c)(1)(ii), and (c)(1) (iii) of this AD. (i) Software version 2.9 (SW 2.9) is installed; (ii) The Flight Information Service-Broadcast (FIS-B) Weather Interface option is enabled; and (iii) Independent airspeed, attitude, and altitude back-up instruments are not installed"
157b8d12-c115-446e-a4dc-d12077751fe2,2c1a7b29-95fd-40d3-93e1-d68d9517cc7b,DGCA/NEW -MISC/216,25,EASA AD 2019-0010,ATA 25 - Equipment / Furnishing - Life Jacket - Removal / Repair,MIS,06-Feb-2019,DGCA/NEW -MISC/216,,,0:00,,"Life Jackets, having a Part Number (P/N) 210225-2, and Infant/Small Child Life Jackets, having P/N 216200-0 or P/N 216203-0, and having a serial number as identified in Appendix 1 of this AD."
157b8d12-c115-446e-a4dc-d12077751fe2,2c1a7b29-95fd-40d3-93e1-d68d9517cc7b,DGCA/NEW -MISC/217,35,FAA AD 2018-21-14,"Joint Aircraft System Component (JASC) Code 3510, Crew Oxygen System",MIS,11-Mar-2019,DGCA/NEW -MISC/217,,,0:00,,"This AD applies to Zodiac Aerotechnics (Zodiac) MC10 series crew oxygen mask regulators fitted with an inflatable harness assembly, part number (P/N) MXH20-1 or MXH21-1"
157b8d12-c115-446e-a4dc-d12077751fe2,2c1a7b29-95fd-40d3-93e1-d68d9517cc7b,DGCA/NEW -MISC/218,25,FAA AD 2018-07-03,"Joint Aircraft System Component (JASC) Code 2500, Cabin Equipment/Furnishings.",MIS,04-Apr-2019,DGCA/NEW -MISC/218,,,0:00,,"This AD applies to all Zodiac Seats France, 536-Series Cabin Attendant Seats, part number (P/N) 53600, all dash numbers, all serial numbers. These appliances are installed on, but not limited to: Avions de transport regional (ATR) 42 and ATR 72 model airplanes of U.S. registry."
157b8d12-c115-446e-a4dc-d12077751fe2,2c1a7b29-95fd-40d3-93e1-d68d9517cc7b,DGCA/NEW -MISC/219,34,FAA AD 2017-22-14,"Joint Aircraft System Component (JASC)/Air Transport Association (ATA) of America Code 34, Navigation",MIS,20-May-2019,DGCA/NEW -MISC/219,,,0:00,,"Rockwell Collins, Inc. TSSA-4100 Field Loadable Software (FLS) Rockwell Collins part numbers (RCPNs) 810-0052-002, -003, -010, -011, -012, -100, or -101 found on TSS-4100 Traffic Surveillance System Processing Units, (RCPN) 822-2132-001 installed on airplanes"
157b8d12-c115-446e-a4dc-d12077751fe2,2c1a7b29-95fd-40d3-93e1-d68d9517cc7b,DGCA/NEW -MISC/220,26,EASA AD 2019-0084,ATA 26 - Fire Protection - Fire Extinguisher Percussion Cartridge - Life Limit,MIS,20-May-2019,DGCA/NEW -MISC/220,,,0:00,,"Mystere-Falcon 50 aeroplanes (including F50EX commercial variant), all manufacturer serial numbers (MSN)."
157b8d12-c115-446e-a4dc-d12077751fe2,2c1a7b29-95fd-40d3-93e1-d68d9517cc7b,DGCA/NEW -MISC/221,34,FAA AD 2019-07-10,"Joint Aircraft Service Component (JASC) Code: 3420, Attitude and Directional Data System.",MIS,20-May-2019,DGCA/NEW -MISC/221,,,0:00,,"This AD applies to airplanes and helicopters, certificated in any category, with a Northrop Grumman LITEF GmbH LCR-100 Attitude and Heading Reference System (AHRS) unit part number (P/N) 145130-2000, 145130-2001, 145130-7000, 145130-7001, or 145130-7100 installed using analog outputs for primary flight information display or autopilot functions without automatic output comparison"
157b8d12-c115-446e-a4dc-d12077751fe2,2c1a7b29-95fd-40d3-93e1-d68d9517cc7b,DGCA/NEW -MISC/222,25,FAA AD 2019-08-01,"Joint Aircraft System Component (JASC) Code 2520, Passenger Compartment Equipment",MIS,20-May-2019,DGCA/NEW -MISC/222,,,0:00,,This AD applies to RECARO Aircraft Seating GmbH & Co. KG (RECARO) Model 3510A and 3510D passenger seats.
157b8d12-c115-446e-a4dc-d12077751fe2,2c1a7b29-95fd-40d3-93e1-d68d9517cc7b,DGCA/NEW -MISC/223,25,EASA AD 2019-0125,ATA 25 - Equipment / Furnishing - 9G NGS XL StepX Stretcher 1120050-Series - Modification,MIS,16-Jun-2019,DGCA/NEW -MISC/223,,,0:00,,"Embraer ERJ 170-100 STD, ERJ 170-100 LR, ERJ 170-200 STD, ERJ 170-200 LR, ERJ 190-100 STD, ERJ 190-100 LR, ERJ 190-100 IGW, ERJ 190-100 ECJ, ERJ 190-100 SR, ERJ 190-200 STD, ERJ 190-200 LR and ERJ 190-200 IGW aeroplanes, all serial numbers (s/n), if modified to have an affected stretcher installed in accordance with EASA STC 10030758, formerly STC number EASA.A.S.03712"
157b8d12-c115-446e-a4dc-d12077751fe2,2c1a7b29-95fd-40d3-93e1-d68d9517cc7b,DGCA/NEW -MISC/224,34,FAA AD 2019-12-09,Joint Aircraft System Component (JASC)/Air Transport Association (ATA) of America Code 34; Navigation.,MIS,24-Jul-2019,DGCA/NEW -MISC/224,,,0:00,,"This AD applies to: (1) Trig Avionics Limited TT31 Mode S transponders, part number (P/N) 00220-00-01 and P/N 00225-00-01, with a serial number (S/N) from 05767 to S/N 09715 inclusive, and Modification (Mod) Level 6 or below, installed. (2) Avidyne Corporation AXP340 Mode S transponders, P/N 200-00247-0000, also marked with Trig Avionics P/N 01155-00-01, with a S/N from 00801 to S/N 01377 inclusive, and Mod Level 0, installed. (3) BendixKing/Honeyw ell International KT74 Mode S transponders, P/N 89000007-002001, also marked with Trig Avionics P/N 01157-00-01, with a S/N from 01143 to S/N 02955 inclusive, and Mod Level 0, installed."
157b8d12-c115-446e-a4dc-d12077751fe2,2c1a7b29-95fd-40d3-93e1-d68d9517cc7b,DGCA/NEW -MISC/226,25,FAA AD 2019-14-05,"Joint Aircraft System Component (JASC) Code 2510, Flight Compartment Equipment",MIS,02-Aug-2019,DGCA/NEW -MISC/226,,,0:00,,"This AD applies to B/E Aerospace Fischer GmbH (B/E Aerospace Fischer) Common Seats 170/260 H160 with a part number and serial number combination listed in Annex A to B/E Aerospace Fischer Alert Service Bulletin (ASB) No. SB0718-004, Issue A, dated June 26, 2018."
157b8d12-c115-446e-a4dc-d12077751fe2,2c1a7b29-95fd-40d3-93e1-d68d9517cc7b,DGCA/NEW -MISC/227,25,EASA AD 2019-0235,ATA 25 - Equipment / Furnishings - Emergency Locator Transmitter - Inspection / Modification / Replacemen,MIS,30-Sep-2019,DGCA/NEW -MISC/227,,,0:00,,"This AD applies to the following series of Emergency locator transmitters (ELT) G406-4, C406-1, C406-1HM, C406-2, C406-2HM, C406-N and C406-NHM"
157b8d12-c115-446e-a4dc-d12077751fe2,2c1a7b29-95fd-40d3-93e1-d68d9517cc7b,DGCA/NEW -MISC/228,46,FAA AD 2019-20-03,"Air Transport Association (ATA) of America Code 46, Information systems",MIS,19-Nov-2019,DGCA/NEW -MISC/228,,,0:00,,Affected Airplane - Fokker services B V Model F.27 Mark 050 Airplanes Fokker modification SB/EB Used to Install effected part - SBF 50-46-004(Refer AD for more details)
157b8d12-c115-446e-a4dc-d12077751fe2,2c1a7b29-95fd-40d3-93e1-d68d9517cc7b,DGCA/NEW -MISC/228 R1,46,FAA AD: 2022-15-08,"Air Transport Association (ATA) of America Code 46, Information systems.",MIS,02-Sep-2022,DGCA/NEW -MISC/228 R1,,,0:00,,"Fokker F27 Mark 050, F28 Mark 3000, F28 Mark 0070 and F28 Mark 0100 aeroplanes; Airbus A318, A319, A320, A321, A330 and A340 aeroplanes; ATR42 and ATR72 aeroplanes; Boeing 737, 757, 767 and 777 aeroplanes; Bombardier (formerly Canadair) and MHI RJ Aviation ULC (formerly Bombardier) CL-600 aeroplanes; and De Havilland Aircraft of Canada (formerly Bombardier) DHC-8 aeroplanes; models and manufacturer serial numbers (MSN). (As per EASA AD 2021-0234)"
157b8d12-c115-446e-a4dc-d12077751fe2,2c1a7b29-95fd-40d3-93e1-d68d9517cc7b,DGCA/NEW MISC/229,26,EASA AD No.: 2020-0013,ATA 26 - Fire Protection - Hand-held Fire Extinguishers - Replacement,MIS,04-Feb-2020,DGCA/NEW MISC/229,,,0:00,,"AS 332 C, C1, L, L1 and L2, AS 365 N2 and N3, EC 155 B and B1, EC 175 B, EC 225 LP, SA 330 J, and SA 365 C1, C2, C3, N and N1 helicopters, all serial numbers (s/n)"
157b8d12-c115-446e-a4dc-d12077751fe2,2c1a7b29-95fd-40d3-93e1-d68d9517cc7b,DGCA/NEW -MISC/230,34,FAA AD 2020-08-02,"joint Aircraft System Component (JASC) Code 3457, Global Positioning System",MIS,03-Jun-2020,DGCA/NEW -MISC/230,,,0:00,,"This AD applies to Thales AVS France SAS (Thales) Global Positioning System/Satellite Based Augmentation System (GPS/SBAS) receivers, Topstar 200 LPV, part numbers (P/Ns) C17149JA02 and C17149HA01. These GPS/SBAS receivers are installed on, but not limited to, ATR-GIE Avions de Transport Régional (ATR) model ATR42 and ATR72 airplanes and Sikorsky Aircraft Corporation model S-76D helicopters, respectively."
157b8d12-c115-446e-a4dc-d12077751fe2,2c1a7b29-95fd-40d3-93e1-d68d9517cc7b,DGCA/NEW -MISC/231,34,FAA AD 2020-10-05,"Joint Aircraft System Component (JASC)/Air Transport Association (ATA) of America Code 3460, Flight Management Computing Hardware System",MIS,01-Jul-2020,DGCA/NEW -MISC/231,,,0:00,,"This AD applies to Rockwell Collins, Inc. (Rockwell Collins) Pro Line 4 and Pro Line 21 Flight Management Systems installed on airplanes, certificated in any category, that has a flight management computer (FMC) with a Rockwell Collins part number (RCPN) listed in paragraph (c)(1) of this AD and with a configuration strapping unit (CSU) listed in paragraph (c)(2) of this AD. (1) FMC-3000 RCPN 822-0883-031, -036, -038, -040, -041, -053, -054, -056, -057, -058, -059, 060, -081, -082, -083, -084; FMC-4200 RCPN 822-0783-022, -025, -028, -032 036, -039, -040; FMC-5000 RCPN 822-0891-021, -027, -028, -034, -040; or FMC-6000 RCPN 822-0868-074, -075, 082, -083, -084, -085, -087, -089, -090, -109, -110, -111, -112, -113, -114, -116, -117, -122, -123, 127, -130, -132, -133, -134, -139. (2) CSU-3100 RCPN 822-1363-002, CSU-4000 RCPN 822-0049-002, or CSU-4100 RCPN 8221364-002."
157b8d12-c115-446e-a4dc-d12077751fe2,2c1a7b29-95fd-40d3-93e1-d68d9517cc7b,DGCA/NEW -MISC/237,25,DGCA/NEW -MISC/237,"Joint Aircraft Service Component (JASC) Code: 2500, Cabin Equipment/Furnishings.",MIS,26-Apr-2021,DGCA/NEW -MISC/237,,,0:00,,"This airworthiness directive (AD) applies to Pacific Scientific Company rotary buckle assembly (buckle), part numbers (P/Ns) 1111430 and 1111475, all dash numbers. These buckles may be installed on but not limited to Bombardier Inc., Learjet Inc., Mitsubishi Heavy Industries, Ltd., Textron Aviation, Inc. (Type Certificate (TC) previously held by Cessna Aircraft Company), and Viking Air Limited (TC previously held by de Havilland, Inc.) model airplanes and Airbus Helicopters (TC previously held by Eurocopter France) model helicopters, certificated in any category."
157b8d12-c115-446e-a4dc-d12077751fe2,2c1a7b29-95fd-40d3-93e1-d68d9517cc7b,DGCA/NEW -MISC/238,34,DGCA/NEW -MISC/23,"Joint Aircraft System Component (JASC)/Air Transport Association (ATA) of America Code 3400, NAVIGATION SYSTEM",MIS,26-Apr-2021,DGCA/NEW -MISC/238,,,0:00,,"This AD applies to Rockwell Collins, Inc. GPS-4000S Global Positioning System (GPS) part number (P/N) 822-2189-100 installed on airplanes, certificated in any category."
157b8d12-c115-446e-a4dc-d12077751fe2,2c1a7b29-95fd-40d3-93e1-d68d9517cc7b,DGCA/NEW -MISC/239,34,FAA AD 2021-08-15,"Joint Aircraft System Component (JASC) Code 3445, AIR COLLISION AVOIDANCE SYSTEM (TCAS).",MIS,24-May-2021,DGCA/NEW -MISC/239,,,0:00,,"This AD applies to Garmin International GMN-00962 GTS processor units, part number 011-02571-0( ), with software version 3.13 or earlier, except software version 3.12.1, installed on airplanes certificated in any category. These units are marketed as the GTS 825, GTS 855, or GTS 8000"
157b8d12-c115-446e-a4dc-d12077751fe2,2c1a7b29-95fd-40d3-93e1-d68d9517cc7b,DGCA/NEW -MISC/243 R2,26,EASA AD 2021-0185R2,ATA 26 - Fire Protection - Hand-operated Fire Extinguishers - Inspection / Replacement.,MIS,26-Sep-2022,DGCA/NEW -MISC/243 R2,,,0:00,,"HAFEX (Halon-free) hand-held fire extinguishers, having Part Number (P/N) P3APP003010A, P/N P3APP003010B or P/N P3APP003010C, all serial numbers (s/n)"
157b8d12-c115-446e-a4dc-d12077751fe2,2c1a7b29-95fd-40d3-93e1-d68d9517cc7b,DGCA/NEW -MISC/247R 1,34,FAA AD 2023-11-07,"Air Transport Association (ATA) of America Code 3444, Ground Proximity System",MIS,27-Jul-2023,DGCA/NEW -MISC/247R,,,0:00,,"This AD applies to all helicopters, certificated in any category, equipped with a radio (also known as radar) altimeter"
157b8d12-c115-446e-a4dc-d12077751fe2,2c1a7b29-95fd-40d3-93e1-d68d9517cc7b,DGCA/NEW -MISC/248R 2,25,EASA AD : 2022-0029-E,ATA 25 - Equipment / Furnishings - Emergency Parachutes - Removal from Service,MIS,22-Mar-2022,DGCA/NEW -MISC/248R 2,,,0:00,,"ATL-88/90-1B (commercially known as ATL-15 SL) emergency parachutes, all serial numbers (s/n) manufactured from 2016"
157b8d12-c115-446e-a4dc-d12077751fe2,2c1a7b29-95fd-40d3-93e1-d68d9517cc7b,DGCA/NEW -MISC/248R 3,25,EASA AD : 2022-0029 R1,ATA 25 - Equipment / Furnishings - Emergency Parachutes - Removal from Service / Modification.,MIS,02-May-2022,DGCA/NEW -MISC/248R 3,,,0:00,,"ATL-88/90-1B (commercially known as ATL-15 SL) emergency parachutes, all serial numbers (s/n) manufactured from 2016, having Part Number (P/N 09994, P/N 09995 or P/N 09996 (no suffix)"
157b8d12-c115-446e-a4dc-d12077751fe2,2c1a7b29-95fd-40d3-93e1-d68d9517cc7b,DGCA/NEW -MISC/249,34,EASA AD : 2022-0024,ATA 34 - Navigation - Flight Management Computer 2 / Navigation Modules - Operational Limitations / Amendment,MIS,02-Mar-2022,DGCA/NEW -MISC/249,,,0:00,,"Thales Flight Management Computer (FMC) 2 Navigation Modules (NAVM), identified by Part Number C13084CA03"
157b8d12-c115-446e-a4dc-d12077751fe2,2c1a7b29-95fd-40d3-93e1-d68d9517cc7b,DGCA/NEW -MISC/250,28,FAA AD 2022-03-15,"Joint Aircraft System Component (JASC) Code 2841, Fuel Quantity Indicator",MIS,23-Mar-2022,DGCA/NEW -MISC/250,,,0:00,,"This AD applies to all serial numbers of the airplane models listed in table 1 to paragraph (c), certificated in any category, that are either: 1.Modified with a Garmin G3X Touch Electronic Flight Instrument System 2. Modified with a Garmin GI 275 Multi-Function Display"
157b8d12-c115-446e-a4dc-d12077751fe2,2c1a7b29-95fd-40d3-93e1-d68d9517cc7b,DGCA/NEW -MISC/251,26,FAA AD 2022-01-03,"Joint Aircraft Service Component (JASC) Code: 2622, Fire Bottle, Portable",MIS,23-Mar-2022,DGCA/NEW -MISC/251,,,0:00,,This AD applies to Umlaut Engineering GmbH (previously P3 Engineering GmbH) HAFEX (Halon-free) hand-held P3HAFEX fire extinguisher (fire extinguisher) part numbers P3APP003010A and P3APP003010C.
157b8d12-c115-446e-a4dc-d12077751fe2,2c1a7b29-95fd-40d3-93e1-d68d9517cc7b,DGCA/NEW -MISC/252,35,FAA AD 2022-04-09,"Air Transport Association (ATA) of America Code 35, Oxygen System.",MIS,31-Mar-2022,DGCA/NEW -MISC/252,,,0:00,,"This AD applies to AVOX Systems Inc formerly Scott Aviation) oxygen cylinder and valve assemblies having part number (P/N) 89794077, 89794015, 891511-14, 806835-01, 807982-01, or 808433-01"
157b8d12-c115-446e-a4dc-d12077751fe2,2c1a7b29-95fd-40d3-93e1-d68d9517cc7b,DGCA/NEW -MISC/253,25,FAA AD: 2022-05-10,"Joint Aircraft Service Component (JASC) Code: 2500, Cabin Equipment/Furnishings",MIS,18-Apr-2022,DGCA/NEW -MISC/253,,,0:00,,"This AD applies to helicopters, certificated in any category, with an externally-mounted Goodrich hoist assembly (hoist)"
157b8d12-c115-446e-a4dc-d12077751fe2,2c1a7b29-95fd-40d3-93e1-d68d9517cc7b,DGCA/NEW -MISC/254,62,FAA AD 2022-06-05,"Joint Aircraft System Component (JASC) Code: 6200, Main Rotor System.",MIS,18-Apr-2022,DGCA/NEW -MISC/254,,,0:00,,"This AD applies to the following various restricted category helicopters with a main rotor hub strap pin (pin) part number 204-012-104-005 with a serial number prefix ""FNFS"""
157b8d12-c115-446e-a4dc-d12077751fe2,2c1a7b29-95fd-40d3-93e1-d68d9517cc7b,DGCA/NEW -MISC/256,85,FAA AD: 2022-16-03,Joint Aircraft System Component (JASC) Code,MIS,02-Sep-2022,DGCA/NEW -MISC/256,,,0:00,,"(1) Continental Aerospace Technologies, Inc. reciprocating engine. (2) Lycoming Engines and Textron Lycoming/Subsidiary of Textron, Inc. reciprocating engine."
157b8d12-c115-446e-a4dc-d12077751fe2,2c1a7b29-95fd-40d3-93e1-d68d9517cc7b,DGCA/NEW -MISC/62,23,DGCA/NEW-MISC/62,INSTALLATION OF CVR,MIS,07-Jul-2022,DGCA/NEW -MISC/62,,,0:00,,CANCELLED e-FILE No. DGCA-25012(02)/32 /2020-AW Dated 04.07.2022
157b8d12-c115-446e-a4dc-d12077751fe2,2c1a7b29-95fd-40d3-93e1-d68d9517cc7b,DGCA/NEW -MISC/63,23,DGCA/NEW-MISC/63,INSTALLATION OF CVR,MIS,07-Jul-2022,DGCA/NEW -MISC/63,,,0:00,,CANCELLED vide-FILE No. DGCA-25012(02)/32 /2020-AW Dated 04.07.2022
157b8d12-c115-446e-a4dc-d12077751fe2,2c1a7b29-95fd-40d3-93e1-d68d9517cc7b,DGCA/NewMisc/177 R1,35,FAA AD 2017-18-12,"ATA 35, Oxygen - To correct the unsafe condition on B/E Aerospace protective breathing equipment (PBE), P/N 119003-11.",MIS,25-Oct-2017,DGCA/NewMisc/177 R1,,,0:00,,"This AD applies to B/E Aerospace Protective Breathing Equipment (PBE), part number (P/N) 119003-11, that is installed on airplanes"
157b8d12-c115-446e-a4dc-d12077751fe2,2c1a7b29-95fd-40d3-93e1-d68d9517cc7b,DGCA/NewMisc/178,26,EASA AD 2016-0024,ATA 26 - Fire Protection - Optical and Ambient Smoke Detectors - Identification / Replacement,MIS,11-Aug-2016,DGCA/NewMisc/178,,,0:00,,"Part Number (P/N) PMC1102-02, P/N PMC3100-00 and P/N GMC1102-02 smoke detectors, having a date of manufacture (DMF, in digits as 'MMYYYY', e.g. 072010, see Appendix 2 of this AD) between November 2010 to January 2013 inclusive, and certain repaired units, as identified by P/N and serial number (s/n) in Appendix 1 of this AD."
157b8d12-c115-446e-a4dc-d12077751fe2,2c1a7b29-95fd-40d3-93e1-d68d9517cc7b,DGCA/NewMisc/182,25,EASA AD 2016-0167,Equipment / Furnishing - Rear Cabin Attachment Seat- Inspection / Repair,MIS,20-Jan-2017,DGCA/NewMisc/182,,,0:00,,"Manufacturer: Zodiac Seats France (Formerly Sicma Aero Seat). CAS 536-series attendant seats, having part number (P/N) 53600, all dash numbers, all serial numbers."
157b8d12-c115-446e-a4dc-d12077751fe2,2c1a7b29-95fd-40d3-93e1-d68d9517cc7b,DGCA/NewMisc/183,25,EASA AD No. 2016-0210,Equipment / Furnishings - Seat Energy Absorber Assembly - Replacement,MIS,20-Jan-2017,DGCA/NewMisc/183,,,0:00,,"Manufacturer: B/E Aerospace Fischer GmbH, formerly Fischer + Entwicklungen GmbH & Co. KG. Attendant Seats NG and Pilot Seats 120/335, all Part Numbers (P/N) and serial numbers (s/n) listed in Appendix I of this AD."
157b8d12-c115-446e-a4dc-d12077751fe2,2c1a7b29-95fd-40d3-93e1-d68d9517cc7b,DGCA/NewMisc/185,25,EASA AD 2016-0256,Equipment / Furnishings - Pilot and Co-pilot Seats - Modification,MIS,20-Jan-2017,DGCA/NewMisc/185,,,0:00,,"Manufacturer: IPECO Holding Ltd (previously IPECO Europe Ltd) Type 3A063 pilot and co-pilot seats, identified by Part Number (P/N) in Appendix 1 of this AD, all serial numbers."
157b8d12-c115-446e-a4dc-d12077751fe2,2c1a7b29-95fd-40d3-93e1-d68d9517cc7b,DGCA/NewMisc/190,31,FAA AD 2017-04-06,"TO PREVENT DISPLAY OF MISLEADING ALTITUDE DATA, WHICH COULD RESULT IN INADVERTENT FLIGHT INTO TERRAIN",MIS,25-Oct-2017,DGCA/NewMisc/190,,,0:00,,"This AD applies to United Instruments, Inc. 5934 series altimeters that were manufactured between January 2015 and February 2016 and installed in airplanes and helicopters."
157b8d12-c115-446e-a4dc-d12077751fe2,2c1a7b29-95fd-40d3-93e1-d68d9517cc7b,DGCA/NewMisc/191,21,FAA AD 2017-06-03,"TO DETECT AND CORRECT A HAZARDOUS CONDITION CAUSED BY DETERIORATION OF THE COMBUSTION HEATER, WHICH COULD LEAD TO IGNITION OF COMPONENTS AND RESULT IN SMOKE AND FUMES IN THE CABIN",MIS,25-Oct-2017,DGCA/NewMisc/191,,,0:00,,"This AD applies to Meggitt (Troy), Inc. (previously known as Stewart Warner South Wind Corporation and as Stewart Warner South Wind Division) Models (to include all dash number and model number variants) 921, 930, 937, 940, 944, 945, 977, 978, 979, 8240,8253, 8259, and 8472 combustion heaters"
157b8d12-c115-446e-a4dc-d12077751fe2,2c1a7b29-95fd-40d3-93e1-d68d9517cc7b,DGCA/NewMisc/192,25,FAA AD 2017-09-09,TO PREVENT SERIOUS INJURY TO THE OCCUPANT DURING FORWARD IMPACTS IN EMERGENCY LANDING CONDITIONS,MIS,25-Oct-2017,DGCA/NewMisc/192,,,0:00,,"This AD applies to Zodiac Seats California LLC seating systems having the model numbers and part numbers identified in table 1 to paragraphs (c), (g), (i), (j), and (k) of this AD"
157b8d12-c115-446e-a4dc-d12077751fe2,2c1a7b29-95fd-40d3-93e1-d68d9517cc7b,DGCA/NewMisc/193,23,FAA AD 2017-11-11,TO DEFINES THE UNSAFE CONDITION AS AN ADSB UNIT INCORRECTLY BROADCASTING A SOURCE INTEGRITY LEVEL (SIL) OF 3 INSTEAD OF ITS AUTHORIZED SIL OF 0. THIS CONDITION COULD RESULT IN THE UNIT COMMUNICATING UNRELIABLE POSITION INFORMATION TO AIR TRAFFIC CONTROL,MIS,25-Oct-2017,DGCA/NewMisc/193,,,0:00,,"This AD applies to the following NavWorx, Inc., Automatic Dependent Surveillance-Broadc ast (ADS-B) Universal Access Transceiver units (unit) installed on aircraft certificated in any category"
157b8d12-c115-446e-a4dc-d12077751fe2,2c1a7b29-95fd-40d3-93e1-d68d9517cc7b,DGCA/NewMisc/194,25,FAA AD 2017-16-04,"THIS AD DEFINES THE UNSAFE CONDITION AS A BROKEN BUCKLE KNOB. THIS CONDITION COULD RESULT IN A RESTRAINT SYSTEM STRAP FAILING TO RELEASE FROM THE BUCKLE, PREVENTING OCCUPANTS FROM EXITING THE HELICOPTER DURING AN EMERGENCY",MIS,25-Oct-2017,DGCA/NewMisc/194,,,0:00,,"This AD applies to Romtex torso restraint systems (restraint systems) with a rotary buckle sub-assembly (buckle assembly) with a part number and serial number as listed in the Effectivity, paragraph 1.2, of Anjou Aero Service Bulletin No. 358SB-14-101"
157b8d12-c115-446e-a4dc-d12077751fe2,2c1a7b29-95fd-40d3-93e1-d68d9517cc7b,DGCA/NewMisc/195,25,EASA AD 2017-0001,EQUIPMENT / FURNISHINGS - CABIN ATTENDANT SEAT - INSPECTION,MIS,25-Oct-2017,DGCA/NewMisc/195,,,0:00,,"Cabin Attendant Seats 536 series, Part Number (P/N) 53600, all dash numbers, all serial numbers"
157b8d12-c115-446e-a4dc-d12077751fe2,2c1a7b29-95fd-40d3-93e1-d68d9517cc7b,DGCA/NewMisc/196,26,FAA AD 2017-19-05,"TO PREVENT FAILURE OF THE SMOKE DETECTOR ON-BOARD UNCONTROLLED FIRE, AND DAMAGE TO THE AIRPLANE",MIS,25-Oct-2017,DGCA/NewMisc/196,,,0:00,,"This AD applies to Siemens S.A.S smoke detectors, part numbers (P/Ns) PMC1102-02, PMC3100-00, and GMC1102-02, with serial numbers (S/Ns) listed in paragraph 1/D/ of Siemens Service Information Letter (SIL) No. PMC-26-002 R1."
157b8d12-c115-446e-a4dc-d12077751fe2,2c1a7b29-95fd-40d3-93e1-d68d9517cc7b,DGCA/NewMisc/200,31,FAA AD 2018-03-04,"TO PREVENT INCORRECT AIRSPEED INDICATIONS DURING FLIGHT,WHICH COULD TO LEAD LOSS OF CONTROL.DUE TO DESIGN REDUNDANCY,THIS IS ONLY APPLICABLE IF MORE THAN ONE DEFICIENT PROBE IS INSTALLED",MIS,30-May-2018,DGCA/NewMisc/200,,,0:00,,"This AD applies to Rosemount Aerospace, Inc. Model 851AK pitot probes that were repaired by CSI Aerospace Inc."
157b8d12-c115-446e-a4dc-d12077751fe2,2c1a7b29-95fd-40d3-93e1-d68d9517cc7b,DGCA/NewMisc/208 R1,46,EASA AD 2018-0259 R1,ATA 46 - Information Systems - Electronic Flight Bag Universal Serial Bus Receptacle - Modification,MIS,20-Feb-2019,DGCA/NewMisc/208 R,,,0:00,,"Fokker F27 Mark 050, F28 Mark 3000, F28 Mark 0070 and F28 Mark 0100 aeroplanes; Airbus A318, A319, A320, A321, A330 and A340 aeroplanes; Avions de Transport Régional (ATR) ATR42 and ATR72 aeroplanes; Boeing 737, 757, 767 and 777 aeroplanes; and Bombardier (formerly Canadair) CL-600 and (formerly De Havilland Canada) DHC-8 aeroplanes; as identified in Appendix 1 of this AD."
157b8d12-c115-446e-a4dc-d12077751fe2,2c1a7b29-95fd-40d3-93e1-d68d9517cc7b,DGCA/NewMisc/208 R1,46,EASA AD 2018-0259 R1,ATA 46 - Information Systems - Electronic Flight Bag Universal Serial Bus Receptacle - Modification,MOD,20-Feb-2019,DGCA/NewMisc/208 R1,,,0:00,,"Fokker F27 Mark 050, F28 Mark 3000, F28 Mark 0070 and F28 Mark 0100 aeroplanes; Airbus A318, A319, A320, A321, A330 and A340 aeroplanes; Avions de Transport Régional (ATR) ATR42 and ATR72 aeroplanes; Boeing 737, 757, 767 and 777 aeroplanes; and Bombardier (formerly Canadair) CL-600 and (formerly De Havilland Canada) DHC-8 aeroplanes; as identified in Appendix 1 of this AD."
157b8d12-c115-446e-a4dc-d12077751fe2,2c1a7b29-95fd-40d3-93e1-d68d9517cc7b,FAA AD 2018-10-06,65,ASB 407-16-113,Tail Rotor Drive Shaft,AD*,21-May-2018,FAA AD 2018-10-06,,,0:00,,"This AD applies to Bell Model 407 helicopters, certificated in any category."
157b8d12-c115-446e-a4dc-d12077751fe2,2c1a7b29-95fd-40d3-93e1-d68d9517cc7b,FAA AD 2018-25-17,21,SB 407-110414,"Joint Aircraft Service Component (JASC) Code: 2197, Air Conditioning System Wiring.",AD,17-Dec-2018,FAA AD 2018-25-17,,,0:00,,"Bell Model 407 helicopters with an Air Comm air conditioning system P/N 407 EC-201, 407 EC-202, or 407 EC-203 installed."
157b8d12-c115-446e-a4dc-d12077751fe2,2c1a7b29-95fd-40d3-93e1-d68d9517cc7b,FAA AD 2019-08-10,63,ASB 407-14-106,"Joint Aircraft Service Component (JASC) Code: 6300, Main Rotor Drive System.",AD,20-May-2019,FAA AD 2019-08-10,,,0:00,,"This AD applies to Bell Model 206A, 206B, 206L, 206L-1, 206L-3, 206L-4, and 407 helicopters, certificated in any category."
157b8d12-c115-446e-a4dc-d12077751fe2,2c1a7b29-95fd-40d3-93e1-d68d9517cc7b,FAA AD 2021-19-01,25,ASB 407-15-111,Joint Aircraft Service Component (JASC) Code: 2500 Cabin Equipment/Furnishings.,AD,08-Sep-2021,FAA AD 2021-19-01,,,0:00,,"This AD applies to Bell Textron Canada Limited Model 206, 206A, 206A-1 (OH-58A), 206B, 206B-1, 206L, 206L-1, 206L-3, 206L-4, 222, 222B, 222U, 230, 407, 427, 429, and 430 helicopters.(1) With a shoulder harness seat belt comfort clip (comfort clip) installed; or (2) That have been modified per Supplemental Type Certificate (STC) SH2073SO (installation of shoulder harness restraint system) or STC SH2751SO (installation of a passenger shoulder harness restraint system)."
157b8d12-c115-446e-a4dc-d12077751fe2,2c1a7b29-95fd-40d3-93e1-d68d9517cc7b,FAA AD 2022-27-08,53,TC AD 2022-68,"Joint Aircraft System Component (JASC) Code: 5302, Rotorcraft Tail Boom.",AD,28-Dec-2022,FAA AD 2022-27-08,,,0:00,,"This AD applies to Bell Textron Canada Limited Model 407 helicopters serial numbers 53000 through 53900 inclusive, 53911 through 53999 inclusive, 54000 through 54166 inclusive, 54300 through 54800 inclusive, 54805 through 54954 inclusive, 54956 through 54997 inclusive, 54999, and 56300 through 56304 inclusive, certificated in any category"
157b8d12-c115-446e-a4dc-d12077751fe2,2c1a7b29-95fd-40d3-93e1-d68d9517cc7b,FAA AD 2023-11-07,34,FAA AD 2023-11-07,"Air Transport Association (ATA) of America Code 3444, Ground Proximity System.",AD,15-Jun-2023,FAA AD 2023-11-07,,,0:00,,"This AD applies to all helicopters, certificated in any category, equipped with a radio (also known as radar) altimeter. These radio altimeters are installed on various helicopter models including, but not limited to, the helicopters for which the design approval holder is identified in paragraphs (c) (1) through (20) of this AD. (4) Bell Textron Canada Limited (5) Bell Textron Inc."
157b8d12-c115-446e-a4dc-d12077751fe2,2c1a7b29-95fd-40d3-93e1-d68d9517cc7b,FAA AD 2023-17-51,64,TC AD CF 2023-63,"Joint Aircraft Service Component (JASC) Code: 6410, Tail Rotor Blades.",AD,25-Aug-2023,FAA AD 2023-17-51,,,0:00,,"This AD applies to Bell Textron Canada Limited Model 407 helicopters, certificated in any category."
157b8d12-c115-446e-a4dc-d12077751fe2,2c1a7b29-95fd-40d3-93e1-d68d9517cc7b,FAA AD 2024-10-12,28,,"Joint Aircraft System Component (JASC) Code: 2897, Fuel system wiring.",AD,18-Jul-2024,FAA AD 2024-10-12,,,0:00,,"This AD applies to Bell Textron Canada Limited Model 407 helicopters, serial numbers 54832 through 54931 inclusive, 54933 through 54939 inclusive, and 54942 through 54954 inclusive, certificated in any category, with a fuel system standpipe assembly (standpipe) part number 407- 062-032-103 installed."
157b8d12-c115-446e-a4dc-d12077751fe2,2c1a7b29-95fd-40d3-93e1-d68d9517cc7b,FAA AD 2024-20-07,25,,"Joint Aircraft System Component (JASC) Code: 2560, Emergency Equipment ; and 3212, Emergency Flotation Section.",AD,31-Oct-2024,FAA AD 2024-20-07,,,0:00,,"Bell Textron Canada Limited Model 206A, 206B, 206L, 206L-1, 206L-3, 206L-4 and 407 helicopters modified by STC SR01535LA"
157b8d12-c115-446e-a4dc-d12077751fe2,2c1a7b29-95fd-40d3-93e1-d68d9517cc7b,FAA AD 2022-23-02,53,TC AD CF-2021-34,"Joint Aircraft Service Component (JASC) Code: 5300, Fuselage Structure.",AD,29-Nov-2022,FAA AD 2022-23-02,,,0:00,,"This AD applies to all Bell Textron Canada Limited (type certificate previously held by Bell Helicopter Textron Canada Limited) Model 407 helicopters, certificated in any category"
157b8d12-c115-446e-a4dc-d12077751fe2,2c1a7b29-95fd-40d3-93e1-d68d9517cc7b,FAA AD 2025-13-01,62,,"Joint Aircraft System Component (JASC) Code 6210, Main Rotor Blades.",AD,23-Jun-2025,FAA AD 2025-13-01,,,0:00,,"This AD applies to Bell Textron Canada Limited Model 407 and 427 helicopters, certificated in any category."
157b8d12-c115-446e-a4dc-d12077751fe2,2c1a7b29-95fd-40d3-93e1-d68d9517cc7b,FAA EAD 2023-17-51,64,FAA EAD 2023-17-51,"Joint Aircraft Service Component (JASC) Code: 6410, Tail Rotor Blades.",AD,18-Aug-2023,FAA EAD 2023-17-51,,,0:00,,"This emergency AD applies to Bell Textron Canada Limited Model 407 helicopters, certificated in any category."
157b8d12-c115-446e-a4dc-d12077751fe2,2c1a7b29-95fd-40d3-93e1-d68d9517cc7b,GEN-19-144,23,Artex SB 1000,ACR ELECTRONICS ARTEX-BRANDED EMERGENCY LOCATOR TRANSMITTER G-SWITCH TESTING AND MAINTENANCE (SERVICE BULLETIN - SB1000),SB,25-Jun-2019,GEN-19-144,,,0:00,,ARTEX C-406 Helicopter Models (HM) or C-406 and G-406 ELTs used in helicopter applications.(ELT MODEL-C406-NHM)
157b8d12-c115-446e-a4dc-d12077751fe2,2c1a7b29-95fd-40d3-93e1-d68d9517cc7b,TB 407-07-78RB,53,TB 407-07-78RB,"AFT FUSELAGE BULKHEAD AT FS 231.4, INSTALLATION OF.",SB,09-Apr-2024,TB 407-07-78RB,,,0:00,,"Serial numbers 53000 through 53900, 53911 through 54166, 54300 through 54752, 54805 and subsequent."
157b8d12-c115-446e-a4dc-d12077751fe2,2c1a7b29-95fd-40d3-93e1-d68d9517cc7b,TB 407-12-96RB,53,TB 407-12-96RB,"AFT FUSELAGE UPPER LEFT LONGERON ASSEMBLY P/N 206-031-314-237B, INTRODUCTION OF",SB,01-May-2024,TB 407-12-96RB,,,0:00,,"AFT FUSELAGE UPPER LEFT LONGERON ASSEMBLY P/N 206-031-314-237B, INTRODUCTION OF"
157b8d12-c115-446e-a4dc-d12077751fe2,2c1a7b29-95fd-40d3-93e1-d68d9517cc7b,TB 407-14-108 Rev A,25,TB 407-14-108 Rev A,"GSC46 Engine Signal Conditioner, Improvement of",SB,19-Apr-2017,TB 407-14-108 Rev A,,,0:00,,"Serial numbers 54300 through 54657, 54660, 54662 through 54668, 54671, 54674 through 54687."
157b8d12-c115-446e-a4dc-d12077751fe2,2c1a7b29-95fd-40d3-93e1-d68d9517cc7b,TB 407-14-109 Rev A,71,TB 407-14-109 Rev A,"AFT ENGINE FIREWALL ASSEMBLY, INSPECTION, REPAIR, AND MODIFICATION OF, FOR ENHANCED STIFFNESS.",SB,16-Mar-2017,TB 407-14-109 Rev A,,,0:00,,"Serial numbers 53000 through 53887, 53889 through 53900, 53911 through 54299, 54300 and subsequent."
157b8d12-c115-446e-a4dc-d12077751fe2,2c1a7b29-95fd-40d3-93e1-d68d9517cc7b,TB 407-14-112 Rev A,34,TB 407-14-112 Rev A,"GARMIN G1000H SOFTWARE P/N 006-B1237-09, INTRODUCTION OF",SB,24-Aug-2017,TB 407-14-112 Rev A,,,0:00,,Serial numbers 54300 through 54570
157b8d12-c115-446e-a4dc-d12077751fe2,2c1a7b29-95fd-40d3-93e1-d68d9517cc7b,TB 407-15-117,72,TB 407-15-117,"ROLLS-ROYCE CORPORATION ENGINE 250- C47B/8, INSTALLATION OF",SB,01-Nov-2017,TB 407-15-117,,,0:00,,"Serial numbers 53000 through 53900, 53911 through 53999, 54000 through 54299, and 54300 through 54565."
157b8d12-c115-446e-a4dc-d12077751fe2,2c1a7b29-95fd-40d3-93e1-d68d9517cc7b,TB 407-16-121,29,TB 407-16-121,HYDRAULIC FLUID CONVERSION FROM MILPRF-5606 TO MIL-PRF-87257,SB,10-May-2017,TB 407-16-121,,,0:00,,"Serial numbers 53000 through 53900, 53911 through subsequent."
157b8d12-c115-446e-a4dc-d12077751fe2,2c1a7b29-95fd-40d3-93e1-d68d9517cc7b,TB 407-17-122,67,TB 407-17-122,"SWASHPLATE BOOT INSTALLATION, IMPROVEMENT OF",SB,12-Jan-2017,TB 407-17-122,,,0:00,,"Serial numbers 53000 through 53900, 53911 through 54299, and 54300 through 54710."
157b8d12-c115-446e-a4dc-d12077751fe2,2c1a7b29-95fd-40d3-93e1-d68d9517cc7b,TB 407-17-124 Rev A,63,TB 407-17-124 Rev A,"FREEWHEEL ASSEMBLY OIL SUPPLY SYSTEM FITTING, INTRODUCTION OF",SB,19-Oct-2017,TB 407-17-124 Rev A,,,0:00,,"Serial numbers 53000 through 53900, 53911 through 54166 and 54300 through 54702"
157b8d12-c115-446e-a4dc-d12077751fe2,2c1a7b29-95fd-40d3-93e1-d68d9517cc7b,TB 407-17-125,53,TB 407-17-125,"AFT FUSELAGE 2-PIECE UPPER LEFT LONGERON ASSEMBLY 407-030-067-105, INSTALLATION OF",SB,21-Aug-2020,TB 407-17-125,,,0:00,,"Serial numbers 53000 through 53900, 53911 through 54166, 54300 through 54752, 54805 and subsequent."
157b8d12-c115-446e-a4dc-d12077751fe2,2c1a7b29-95fd-40d3-93e1-d68d9517cc7b,TB 407-17-125RA,53,TB 407-17-125RA,"AFT FUSELAGE 2-PIECE UPPER LEFT LONGERON ASSEMBLY 407-030-067-105, INSTALLATION OF",SB,04-Apr-2024,TB 407-17-125RA,,,0:00,,"Serial numbers 53000 through 53900, 53911 through 54166, 54300 through 54752, 54805 through 54999, 56300 and subsequent."
157b8d12-c115-446e-a4dc-d12077751fe2,2c1a7b29-95fd-40d3-93e1-d68d9517cc7b,TB 407-17-126,34,TB 407-17-126,"GARMIN G1000H SOFTWARE P/N 006-B1237-11, INTRODUCTION OF.",SB,24-Aug-2017,TB 407-17-126,,,0:00,,"Serial numbers 54300 through 54695, and 54717."
157b8d12-c115-446e-a4dc-d12077751fe2,2c1a7b29-95fd-40d3-93e1-d68d9517cc7b,TB 407-18-127,55,TB 407-18-127,"VERTICAL FIN TAIL SKID ASSEMBLY P/N 206- 020-110-105, INTRODUCTION OF",SB,02-May-2018,TB 407-18-127,,,0:00,,"Serial numbers 53000 through 53055, 53057 through 53900, 53911 through 54166, 54300 through 54733."
157b8d12-c115-446e-a4dc-d12077751fe2,2c1a7b29-95fd-40d3-93e1-d68d9517cc7b,TB 407-19-128,64,TB 407-19-128,"TAILBOOM 407-030-801-219, MODIFICATION OF",SB,22-Apr-2019,TB 407-19-128,,,0:00,,"Serial numbers 53000 through 53900, 53911 through 54299, and 54300 and subsequent."
157b8d12-c115-446e-a4dc-d12077751fe2,2c1a7b29-95fd-40d3-93e1-d68d9517cc7b,TB 407-19-130,26,TB 407-19-130,"IMPROVED AFT ENGINE FIREWALL INSTALLATION KIT 407-704-037-101 and -103, INTRODUCTION OF",SB,28-Jul-2022,TB 407-19-130,,,0:00,,"Serial numbers 53000 through 53900, 53911 through 54166, 54300 through 54752, 54806 through 54815, 54817 through 54823, 54825 through 54831."
157b8d12-c115-446e-a4dc-d12077751fe2,2c1a7b29-95fd-40d3-93e1-d68d9517cc7b,TB 407-19-131,73,TB 407-19-131,"FUEL FILTER ASSEMBLY 222-366-621-103, UPGRADE OF.",SB,29-Aug-2023,TB 407-19-131,,,0:00,,"Serial numbers 53000 through 53900, 53911 through 54166, and 54300 through 54303, 54305 through 54566, and 54568 through 54800."
157b8d12-c115-446e-a4dc-d12077751fe2,2c1a7b29-95fd-40d3-93e1-d68d9517cc7b,TB 407-20-132,52,TB 407-20-132,"LITTER DOOR HANDLE ASSEMBLY, MODIFICATION OF.",SB,28-Nov-2022,TB 407-20-132,,,0:00,,"Serial numbers 53000 through 53900, 53911 through 53999, 54000 through 54134, 54136 through 54166, 54300 through 54800, 54805 through 54989."
157b8d12-c115-446e-a4dc-d12077751fe2,2c1a7b29-95fd-40d3-93e1-d68d9517cc7b,TB 407-20-133,77,TB 407-20-133,"ENGINE TORQUE, ENGINE OIL PRESSURE, AND TRANSMISSION OIL PRESSURE INDICATION SYSTEMS, MODIFICATION OF.",SB,16-Oct-2023,TB 407-20-133,,,0:00,,"Part I: Serial numbers 53000 through 53900, 53911 through 54166, 54300 through 54752, 54805 through 54929"
157b8d12-c115-446e-a4dc-d12077751fe2,2c1a7b29-95fd-40d3-93e1-d68d9517cc7b,TB 407-20-134,77,TB 407-20-134,"ENGINE TORQUE INDICATION SYSTEM, MODIFICATION O",SB,07-Jun-2023,TB 407-20-134,,,0:00,,"Serial numbers 54304, 54567, 54805 through 54903, 54905 through 54906, 54908 through 54910 and 54912. [Serial numbers 54904, 54907, 54911, 54913 and subsequent will have the intent of this bulletin accomplished prior to delivery.]"
157b8d12-c115-446e-a4dc-d12077751fe2,2c1a7b29-95fd-40d3-93e1-d68d9517cc7b,TB 407-22-138,26,TB 407-22-138,"HALON FREE CABIN FIRE EXTINGUISHER, INTRODUCTION OF",SB,18-May-2022,TB 407-22-138,,,0:00,,"53000 through 53900, 53911 through 53999, 54000 through 54166, 54300 through 54800, 54805 through 54999, and 56300 through 56999."
157b8d12-c115-446e-a4dc-d12077751fe2,2c1a7b29-95fd-40d3-93e1-d68d9517cc7b,TB 407-22-139,25,TB 407-22-139,"CARGO HOOK KIT 206-706-341-141 WEIGHT INCREASE TO 3100 LBS, MODIFICATION OF.",SB,06-Apr-2023,TB 407-22-139,,,0:00,,"Serial numbers 53000 through 53900, 53911 through 53999, 54000 through 54166, 54300 through 54799, 54805 through 54999, 56300 and subsequent. [Helicopters with cargo hook kit 206-706-341-143 installed will have the intent of this bulletin accomplished.]"
157b8d12-c115-446e-a4dc-d12077751fe2,2c1a7b29-95fd-40d3-93e1-d68d9517cc7b,TB 407-23-140,67,TB 407-23-140,"COLLECTIVE PITCH TRANSDUCER 412-074-101-105, INTRODUCTION OF",SB,02-Mar-2023,TB 407-23-140,,,0:00,,"Serial numbers 54304, 54567, 54805 through 54999, and 56300 through 56339. [Serial number 56340 and subsequent will have the intent of this bulletin accomplished prior to delivery.]"
157b8d12-c115-446e-a4dc-d12077751fe2,2c1a7b29-95fd-40d3-93e1-d68d9517cc7b,TB 407-24-142 Rev A,62,TB 407-24-142 Rev A,"MAIN ROTOR PITCH LINK UNIVERSAL BEARING, LUBRICANT CONVERSION PROCEDURE FROM THIXO SYN (C-172) TO MOBILGREASE 28 (C-001), INTRODUCTION OF.",SB,21-Mar-2025,TB 407-24-142 Rev A,,,0:00,,"Serial numbers 53000 through 53900, 53911 through 54166, 54300 through 54752, 54805 through 54999, 56300 and subsequent"
157b8d12-c115-446e-a4dc-d12077751fe2,2c1a7b29-95fd-40d3-93e1-d68d9517cc7b,TB 407-25-143,53,TB 407-25-143,"Machined aft fuselage lower tailboom attachment longerons 407-030-014-101 and 407-030-014-102, introduction",SB,19-Aug-2025,TB 407-25-143,,,0:00,,Serial numbers 53000 through 53553.
157b8d12-c115-446e-a4dc-d12077751fe2,2c1a7b29-95fd-40d3-93e1-d68d9517cc7b,TB 407-25-144,25,TB 407-25-144,"5 G RADAR ALTIMETER FILTER KIT 407-704-039-101, INTRODUCTION.",SB,28-Aug-2025,TB 407-25-144,,,0:00,,"Serial numbers 54304, 54567, 54805 through 54999, 56300 and subsequent with Radar Altimeter Kit 407-706-054-103 installed in conjunction with Radar Altimeter Antenna Relocation 407-899-142-103."
157b8d12-c115-446e-a4dc-d12077751fe2,2c1a7b29-95fd-40d3-93e1-d68d9517cc7b,TC AD CF-2011-42 R1,27,ASB 407-11-95 Rev C,Longeron Cracking,SB*,05-Jun-2019,TC AD CF-2011-42 R1,,,0:00,,"Model 407, Serial Number 53000 through 53900, 53911 thorugh 54061 and 54300."
157b8d12-c115-446e-a4dc-d12077751fe2,2c1a7b29-95fd-40d3-93e1-d68d9517cc7b,TC AD CF-1999-04 R1,5,TC AD CF-1999-04 R1,Time Limits and Maintenance Checks - Changes to Component Retirement Lives,AD,28-Jan-2016,TC AD CF-1999-04 R1,,,0:00,,"Bell Helicopter Textron Canada Ltd. (BHTC) model 407 helicopters, serial numbers 53000 and subsequent"
157b8d12-c115-446e-a4dc-d12077751fe2,2c1a7b29-95fd-40d3-93e1-d68d9517cc7b,TC AD CF-2016-21,65,ASB 407-16-113,Tail Rotor Drive System - Failure of Tail Rotor Drive Shaft Splined Connection,AD*,07-Jul-2016,TC AD CF-2016-21,,,0:00,,Bell Helicopter Textron Canada Limited (BHTC) model 407 helicopters - all serial numbers.
157b8d12-c115-446e-a4dc-d12077751fe2,2c1a7b29-95fd-40d3-93e1-d68d9517cc7b,TC AD CF-2022-68,53,ASB 407-22-128,Fuselage - Tailboom - Loss of Tailboom Attachment Hardware.,AD,15-Dec-2022,TC AD CF-2022-68,,,0:00,,"Bell Textron Canada Limited (Bell) model 407 helicopters, serial numbers 53000 through 53900, 53911 through 53999, 54000 through 54166, 54300 through 54800, 54805 through 54954, 54956 through 54997, 54999, and 56300 through 56304."
157b8d12-c115-446e-a4dc-d12077751fe2,2c1a7b29-95fd-40d3-93e1-d68d9517cc7b,TC AD CF-2023-11,28,ASB 407-21-124,Fuel System - Standpipe Assembly Sharp Edges Leading to Fuel Quantity Wiring Harness Chafing Condition.,AD,23-Feb-2023,TC AD CF-2023-11,,,0:00,,"Bell Helicopter Textron Canada Limited (Bell) model 407 helicopters, serial numbers 54832 through 54931, 54933 through 54939, and 54942 through 54954."
157b8d12-c115-446e-a4dc-d12077751fe2,2c1a7b29-95fd-40d3-93e1-d68d9517cc7b,TC AD CF-2023-49,34,FAA AD 2023-11-07,Navigation - Rotorcraft - Prohibition of Operations Requiring Radio Altimeter When Operating in the Contiguous United States due to 5G C-Band Wireless Broadband Interference.,AD,05-Jul-2023,TC AD CF-2023-49,,,0:00,,"This AD applies to all helicopters, certificated in any category, equipped with a radio (also known as radar) altimeter. These radio altimeters are installed on various helicopter models including, but not limited to, the helicopters for which the design approval holder is identified below: 3) Bell Textron Canada Limited"
157b8d12-c115-446e-a4dc-d12077751fe2,2c1a7b29-95fd-40d3-93e1-d68d9517cc7b,TC AD CF-2023-63,64,ASB 407-23-132,Tail Rotor Blade - Missing Adhesive between Upper Skin and Core,AD,17-Aug-2023,TC AD CF-2023-63,,,0:00,,Affected tail rotor blade: part number (P/N) 406-016-100-119 tail rotor blade having serial numbers listed in Table 1 of Part I of the Accomplishment Instructions of the applicable ASB.
157b8d12-c115-446e-a4dc-d12077751fe2,2c1a7b29-95fd-40d3-93e1-d68d9517cc7b,TC AD CF-2024-15,34,TC AD CF-2024-15,Navigation - Rotorcraft - Limitations of Operations with Non-Tolerant Radio Altimeter when Operating in Canada due to 5G C-Band Wireless Broadband Interference,AD,15-May-2024,TC AD CF-2024-15,,,0:00,,"his AD applies to all helicopters, certified in any category, equipped with a radio (also known as radar) altimeter. These radio altimeters are installed on various helicopter models including, but not limited to, the helicopters for which the design approval holder is identified below: 1) Airbus Helicopters 2) Airbus Helicopters Deutschland GmbH 3) Air Space Design and Manufacturing, LLC"
157b8d12-c115-446e-a4dc-d12077751fe2,2c1a7b29-95fd-40d3-93e1-d68d9517cc7b,TC AD CF-2024-18,54,ASB 407-23-130,Rotors Flight Control - Cyclic Stick Tube Cracking,AD,12-Jun-2024,TC AD CF-2024-18,,,0:00,,"Bell Textron Canada Limited (Bell) model 407 helicopters, serial numbers 53000 through 53900, 53911 through 53999, 54000 through 54166, 54300 through 54800, 54805 through 54999, 56300 through 56305, and 56311 through 56315, installed with cyclic stick tube assembly part number (P/N) 206-001 342-101 or 206-001-342-101FM"
157b8d12-c115-446e-a4dc-d12077751fe2,2c1a7b29-95fd-40d3-93e1-d68d9517cc7b,TC AD: EU 2018-0002,46,Leonardo SB 139-500,"ATA 46 - Information Systems - ""Primus Epic"" System Software - Software Update",AD,04-Jan-2018,TC AD: EU 2018-0002,,,0:00,,"AB139 and AW139 helicopters, serial number (s/n) 31005, 31006, 31008 to s/n 31157 inclusive and s/n 41001 to s/n 41023 inclusive, and AW139 helicopters s/n 31201 onwards and s/n 41201 onwards, equipped with ""Primus Epic"" system software release 7.4 (Phase 7 V1) or 7.7 (Phase 7"
157b8d12-c115-446e-a4dc-d12077751fe2,2c1a7b29-95fd-40d3-93e1-d68d9517cc7b,TC-AD CF 2016-13 R1,63,407-14-106 Revision A,Main Rotor Drive - Loss of Lubrication to the Freewheel Assembly,AD,26-Sep-2019,TC-AD CF 2016-13 R1,,,0:00,,"Bell Helicopter Textron Canada Limited (BHTC): Model 206A and 206B helicopters, all serial numbers Model 206L, 206L-1 206L-3 and 206L-4 helicopters, all serial numbers Model 407 helicopters, all serial numbers"
